"CountName","Date","State","Lat","Lng","ScientificName","NumSeen","Parties","Party_Hours"
"AnzaBorregoDesertStateParkCA",1978-05-24,"CA",33.27,-116.42,"Danaus plexippus",1,"1",3
"AtascosaHighlandsAZ",1984-08-05,"AZ",31.48,-111.16,"Danaus plexippus",9,"5",41
"AtascosaHighlandsAZ",1985-08-17,"AZ",31.48,-111.16,"Danaus plexippus",2,"3",22
"AtascosaHighlandsAZ",1986-08-30,"AZ",31.48,-111.16,"Danaus plexippus",1,"5",35
"AtascosaHighlandsAZ",1988-08-13,"AZ",31.48,-111.16,"Danaus plexippus",2,"4",33.5
"AtascosaHighlandsAZ",1989-08-20,"AZ",31.48,-111.16,"Danaus plexippus",38,"7",56
"AtascosaHighlandsAZ",1990-08-18,"AZ",31.48,-111.16,"Danaus plexippus",34,"6",50
"AtascosaHighlandsAZ",1992-08-16,"AZ",31.48,-111.16,"Danaus plexippus",10,"8",62
"AtascosaHighlandsAZ",1994-08-13,"AZ",31.48,-111.16,"Danaus plexippus",6,"4",28
"AtascosaHighlandsAZ",1996-08-18,"AZ",31.48,-111.16,"Danaus plexippus",1,"7",42
"AtascosaHighlandsAZ",1997-08-16,"AZ",31.48,-111.16,"Danaus plexippus",17,"6",49
"AtascosaHighlandsAZ",1998-08-15,"AZ",31.48,-111.16,"Danaus plexippus",3,"6",53.5
"AtascosaHighlandsAZ",1999-08-14,"AZ",31.48,-111.16,"Danaus plexippus",4,"7",64
"AtascosaHighlandsAZ",2000-08-19,"AZ",31.48,-111.16,"Danaus plexippus",7,"9",65
"AtascosaHighlandsAZ",2001-08-18,"AZ",31.48,-111.16,"Danaus plexippus",28,"6",56
"BearLakeNationalWildlifeRefuge",2016-07-14,"ID",42.1714,-111.3245,"Danaus plexippus",5,"1",6.5
"BearLakeNationalWildlifeRefuge",2017-07-11,"ID",42.1714,-111.3245,"Danaus plexippus",5,"1",7
"BeniciaCA",1998-07-12,"CA",38.0691,-122.1847,"Danaus plexippus",3,"1",5
"BeniciaCA",2000-06-25,"CA",38.0691,-122.1847,"Danaus plexippus",3,"1",7
"BeniciaCA",2006-06-20,"CA",38.0691,-122.1847,"Danaus plexippus",1,"2",6.5
"BeniciaCA",2011-06-25,"CA",38.0691,-122.1847,"Danaus plexippus",1,"3",18
"BeniciaCA",2014-06-19,"CA",38.0691,-122.1847,"Danaus plexippus",3,"3",16.5
"BeniciaCA",2015-06-17,"CA",38.0691,-122.1847,"Danaus plexippus",4,"2",10.5
"BeniciaCA",2016-06-16,"CA",38.0691,-122.1847,"Danaus plexippus",4,"2",9.5
"BennetHills",2008-06-22,"ID",43.0833,-115.0663,"Danaus plexippus",4,"1",9
"Berger",2008-07-17,"ID",42.4409,-114.7184,"Danaus plexippus",2,"2",10
"BerkeleyCA",1978-06-24,"CA",37.872,-122.2577,"Danaus plexippus",1,"6",28
"BerkeleyCA",1979-06-23,"CA",37.872,-122.2577,"Danaus plexippus",3,"5",28.1
"BerkeleyCA",1980-06-28,"CA",37.872,-122.2577,"Danaus plexippus",8,"10",56.5
"BerkeleyCA",1981-06-27,"CA",37.872,-122.2577,"Danaus plexippus",6,"10",44.8
"BerkeleyCA",1982-07-02,"CA",37.872,-122.2577,"Danaus plexippus",2,"7",32.2
"BerkeleyCA",1983-06-25,"CA",37.872,-122.2577,"Danaus plexippus",6,"8",41.5
"BerkeleyCA",1984-06-23,"CA",37.872,-122.2577,"Danaus plexippus",6,"8",41.1
"BerkeleyCA",1985-06-22,"CA",37.872,-122.2577,"Danaus plexippus",3,"7",22.2
"BerkeleyCA",1986-06-20,"CA",37.872,-122.2577,"Danaus plexippus",1,"8",39.3
"BerkeleyCA",1987-06-20,"CA",37.872,-122.2577,"Danaus plexippus",3,"5",21
"BerkeleyCA",1988-06-25,"CA",37.872,-122.2577,"Danaus plexippus",1,"3",14
"BerkeleyCA",1989-06-22,"CA",37.872,-122.2577,"Danaus plexippus",3,"5",29
"BerkeleyCA",1990-06-23,"CA",37.872,-122.2577,"Danaus plexippus",1,"7",40.8
"BerkeleyCA",1992-06-19,"CA",37.872,-122.2577,"Danaus plexippus",2,"7",35.8
"BerkeleyCA",1996-06-28,"CA",37.872,-122.2577,"Danaus plexippus",1,"6",26.3
"BerkeleyCA",1997-06-20,"CA",37.872,-122.2577,"Danaus plexippus",3,"6",24.5
"BerkeleyCA",1998-06-19,"CA",37.872,-122.2577,"Danaus plexippus",1,"7",32
"BerkeleyCA",2001-06-22,"CA",37.872,-122.2577,"Danaus plexippus",1,"6",35
"BerkeleyCA",2004-06-14,"CA",37.872,-122.2577,"Danaus plexippus",1,"7",38.5
"BerkeleyCA",2005-06-20,"CA",37.872,-122.2577,"Danaus plexippus",1,"7",34.3
"BerkeleyCA",2006-06-23,"CA",37.872,-122.2577,"Danaus plexippus",4,"7",27.5
"BerkeleyCA",2007-06-15,"CA",37.872,-122.2577,"Danaus plexippus",1,"8",30.5
"BerkeleyCA",2008-06-20,"CA",37.872,-122.2577,"Danaus plexippus",1,"7",31.5
"BerkeleyCA",2012-06-15,"CA",37.872,-122.2577,"Danaus plexippus",2,"6",23.5
"BerkeleyCA",2013-06-21,"CA",37.872,-122.2577,"Danaus plexippus",1,"5",19
"BerkeleyCA",2014-06-13,"CA",37.872,-122.2577,"Danaus plexippus",2,"5",30
"BerkeleyCA",2015-06-12,"CA",37.872,-122.2577,"Danaus plexippus",3,"5",26
"BerkeleyCA",2017-06-17,"CA",37.872,-122.2577,"Danaus plexippus",7,"7",24
"BidwellParkCA",1996-07-07,"CA",39.73,-121.86,"Danaus plexippus",1,"2",6
"BidwellParkCA",1999-07-04,"CA",39.73,-121.86,"Danaus plexippus",1,"1",3
"BidwellParkCA",2001-07-04,"CA",39.73,-121.86,"Danaus plexippus",1,"1",6
"BigBearCA",1997-07-12,"CA",34.2432,-116.8249,"Danaus plexippus",7,"6",42
"BigBearCA",2000-06-24,"CA",34.2432,-116.8249,"Danaus plexippus",1,"7",49
"BigBearCA",2003-06-29,"CA",34.2432,-116.8249,"Danaus plexippus",1,"6",46
"BigBearCA",2005-07-10,"CA",34.2432,-116.8249,"Danaus plexippus",3,"7",57
"BigBearCA",2008-06-29,"CA",34.2432,-116.8249,"Danaus plexippus",1,"7",51
"BigBearCA",2011-07-02,"CA",34.2432,-116.8249,"Danaus plexippus",1,"6",48
"BigChicoCreekEcologicalReserve",2007-05-23,"CA",39.8445,-121.7021,"Danaus plexippus",6,"unk",5
"BigChicoCreekEcologicalReserve",2009-06-08,"CA",39.8445,-121.7021,"Danaus plexippus",1,"1",8
"BigChicoCreekEcologicalReserve",2012-06-01,"CA",39.8445,-121.7021,"Danaus plexippus",2,"3",10.5
"BigChicoCreekEcologicalReserve",2014-06-06,"CA",39.8445,-121.7021,"Danaus plexippus",4,"5",17
"BigChicoCreekEcologicalReserve",2015-06-05,"CA",39.8445,-121.7021,"Danaus plexippus",9,"4",16
"BigChicoCreekEcologicalReserve",2016-06-02,"CA",39.8445,-121.7021,"Danaus plexippus",5,"4",17
"BigChicoCreekEcologicalReserve",2017-06-02,"CA",39.8445,-121.7021,"Danaus plexippus",4,"4",19
"BigChicoCreekEcologicalReserve",2018-06-01,"CA",39.8445,-121.7021,"Danaus plexippus",1,"5",20
"BigCreek",2010-06-03,"CA",36.0732,-121.5132,"Danaus plexippus",1,"3",18
"BigCreek",1989-06-07,"CA",36.03,-121.57,"Danaus plexippus",3,"2",11
"BigCreek",1991-06-15,"CA",36.03,-121.57,"Danaus plexippus",9,"4",17.2
"BigCreek",1996-06-08,"CA",36.03,-121.57,"Danaus plexippus",5,"4",16.8
"BigCreek",1997-05-31,"CA",36.03,-121.57,"Danaus plexippus",1,"3",11.5
"BigCreek",2003-06-07,"CA",36.03,-121.57,"Danaus plexippus",1,"4",15
"BlueLakeCA",1996-07-13,"CA",40.87,-124,"Danaus plexippus",8,"4",21
"BlueLakeCA",1997-07-12,"CA",40.87,-124,"Danaus plexippus",3,"4",20.3
"BoiseFrontID",1991-07-06,"ID",43.7127,-116.144,"Danaus plexippus",4,"1",6
"BoiseFrontID",1997-06-21,"ID",43.7127,-116.144,"Danaus plexippus",1,"unk",7.5
"BoiseFrontID",1998-06-27,"ID",43.7127,-116.144,"Danaus plexippus",1,"unk",6
"BoiseFrontID",1999-07-11,"ID",43.7127,-116.144,"Danaus plexippus",1,"1",8
"BoiseFrontID",2003-06-29,"ID",43.7127,-116.144,"Danaus plexippus",1,"1",8.5
"BoiseFrontID",2004-07-11,"ID",43.7127,-116.144,"Danaus plexippus",2,"1",8.5
"BoiseFrontID",2014-07-13,"ID",43.7127,-116.144,"Danaus plexippus",9,"1",9
"BoiseFrontID",2015-07-12,"ID",43.7127,-116.144,"Danaus plexippus",4,"1",9
"BoiseFrontID",2016-07-17,"ID",43.7127,-116.144,"Danaus plexippus",7,"1",9
"BorregoSpringsCA",1997-03-25,"CA",33.25,-116.37,"Danaus plexippus",1,"unk",9
"BoyceThompsonArboretum",2007-08-11,"AZ",33.295,-111.0946,"Danaus plexippus",1,"3",15
"BoyceThompsonArboretum",2009-09-12,"AZ",33.295,-111.0946,"Danaus plexippus",7,"4",9.5
"BoyceThompsonArboretum",2010-09-11,"AZ",33.295,-111.0946,"Danaus plexippus",1,"3",12
"BoyceThompsonArboretum",2011-09-10,"AZ",33.295,-111.0946,"Danaus plexippus",3,"4",25
"BoyceThompsonArboretum",2012-09-15,"AZ",33.295,-111.0946,"Danaus plexippus",1,"3",14
"BoyceThompsonArboretum",2013-09-07,"AZ",33.295,-111.0946,"Danaus plexippus",4,"3",16
"BoyceThompsonArboretum",2014-09-06,"AZ",33.295,-111.0946,"Danaus plexippus",1,"3",10.5
"BoyceThompsonArboretum",2015-09-12,"AZ",33.295,-111.0946,"Danaus plexippus",3,"3",12
"BoyceThompsonArboretum",2017-09-09,"AZ",33.295,-111.0946,"Danaus plexippus",6,"4",12
"BoyceThompsonArboretum",2018-09-08,"AZ",33.295,-111.0946,"Danaus plexippus",5,"3",9
"ButterbredtJawboneKelso",2008-04-30,"CA",35.4306,-118.2188,"Danaus plexippus",2,"1",7.5
"ButterflyValley",2017-07-04,"CA",39.968,-120.952,"Danaus plexippus",1,"3",19.5
"CalWoodOutdoorLearningCenterCO",1987-07-03,"CO",40.15,-105.3902,"Danaus plexippus",1,"1",4
"CalWoodOutdoorLearningCenterCO",1989-07-04,"CO",40.15,-105.3902,"Danaus plexippus",4,"1",4.5
"CalWoodOutdoorLearningCenterCO",1990-07-04,"CO",40.15,-105.3902,"Danaus plexippus",1,"1",4.5
"CalWoodOutdoorLearningCenterCO",1991-07-03,"CO",40.15,-105.3902,"Danaus plexippus",1,"1",4.5
"CalWoodOutdoorLearningCenterCO",2000-07-04,"CO",40.15,-105.3902,"Danaus plexippus",1,"2",6
"CalWoodOutdoorLearningCenterCO",2001-07-04,"CO",40.15,-105.3902,"Danaus plexippus",1,"3",8.5
"CalWoodOutdoorLearningCenterCO",2003-07-04,"CO",40.15,-105.3902,"Danaus plexippus",2,"5",28
"CalWoodOutdoorLearningCenterCO",2007-07-04,"CO",40.15,-105.3902,"Danaus plexippus",2,"5",30
"CalWoodOutdoorLearningCenterCO",2010-07-02,"CO",40.15,-105.3902,"Danaus plexippus",3,"7",45.5
"CalWoodOutdoorLearningCenterCO",2012-07-04,"CO",40.15,-105.3902,"Danaus plexippus",1,"5",7
"CalWoodOutdoorLearningCenterCO",2014-07-04,"CO",40.15,-105.3902,"Danaus plexippus",1,"5",25.5
"CalWoodOutdoorLearningCenterCO",2015-07-04,"CO",40.0786,-105.4027,"Danaus plexippus",3,"8",60
"CamasNationalWildlifeRefugeID",2005-07-06,"ID",43.9653,-112.2643,"Danaus plexippus",7,"1",6.5
"CamasNationalWildlifeRefugeID",2006-07-20,"ID",43.9653,-112.2643,"Danaus plexippus",15,"unk",6
"CamasNationalWildlifeRefugeID",2007-06-16,"ID",43.9653,-112.2643,"Danaus plexippus",6,"unk",6
"CamasNationalWildlifeRefugeID",2008-06-27,"ID",43.9653,-112.2643,"Danaus plexippus",2,"1",7
"CamasNationalWildlifeRefugeID",2010-07-21,"ID",43.9653,-112.2643,"Danaus plexippus",1,"1",6
"CamasNationalWildlifeRefugeID",2011-07-06,"ID",43.9653,-112.2643,"Danaus plexippus",5,"1",6
"CamasNationalWildlifeRefugeID",2013-06-27,"ID",43.9653,-112.2643,"Danaus plexippus",2,"1",6
"CamasNationalWildlifeRefugeID",2014-06-26,"ID",43.9653,-112.2643,"Danaus plexippus",2,"1",6
"CamasNationalWildlifeRefugeID",2015-07-02,"ID",43.9653,-112.2643,"Danaus plexippus",6,"1",6
"CamasNationalWildlifeRefugeID",2016-06-30,"ID",43.9653,-112.2643,"Danaus plexippus",23,"2",8
"CamasNationalWildlifeRefugeID",2017-07-05,"ID",43.9653,-112.2643,"Danaus plexippus",2,"1",6
"CamasNationalWildlifeRefugeID",2018-06-29,"ID",43.9653,-112.2643,"Danaus plexippus",6,"2",8
"ChatfieldNaturePreserveCO",1992-07-11,"CO",39.88,-105.17,"Danaus plexippus",1,"1",4.8
"ChatfieldNaturePreserveCO",1994-07-16,"CO",39.88,-105.17,"Danaus plexippus",2,"1",4.5
"ChatfieldNaturePreserveCO",1995-07-22,"CO",39.88,-105.17,"Danaus plexippus",1,"1",3.5
"ChatfieldNaturePreserveCO",1997-07-19,"CO",39.88,-105.17,"Danaus plexippus",1,"unk",3.5
"ChatfieldNaturePreserveCO",2001-07-14,"CO",39.88,-105.17,"Danaus plexippus",4,"1",3.5
"ChatfieldNaturePreserveCO",2002-07-13,"CO",39.88,-105.17,"Danaus plexippus",1,"1",3
"CosumnesRiverCA",1994-06-18,"CA",38.3503,-121.4358,"Danaus plexippus",2,"2",6
"CosumnesRiverCA",1995-06-17,"CA",38.3503,-121.4358,"Danaus plexippus",1,"2",5
"CosumnesRiverCA",1996-06-22,"CA",38.3503,-121.4358,"Danaus plexippus",38,"2",10.5
"CosumnesRiverCA",1997-06-28,"CA",38.3503,-121.4358,"Danaus plexippus",27,"3",9
"CosumnesRiverCA",1998-06-20,"CA",38.3503,-121.4358,"Danaus plexippus",45,"3",17.5
"CosumnesRiverCA",1999-06-26,"CA",38.3503,-121.4358,"Danaus plexippus",8,"3",14.5
"CosumnesRiverCA",2000-06-24,"CA",38.3503,-121.4358,"Danaus plexippus",11,"3",12
"CosumnesRiverCA",2001-06-23,"CA",38.3503,-121.4358,"Danaus plexippus",7,"3",15
"CosumnesRiverCA",2002-06-29,"CA",38.3503,-121.4358,"Danaus plexippus",3,"3",14
"CosumnesRiverCA",2003-06-21,"CA",38.3503,-121.4358,"Danaus plexippus",1,"3",15.5
"CosumnesRiverCA",2004-06-19,"CA",38.3503,-121.4358,"Danaus plexippus",8,"2",12.8
"CosumnesRiverCA",2005-06-19,"CA",38.3503,-121.4358,"Danaus plexippus",8,"2",8
"CosumnesRiverCA",2006-06-24,"CA",38.3503,-121.4358,"Danaus plexippus",6,"2",11
"CosumnesRiverCA",2007-06-16,"CA",38.3503,-121.4358,"Danaus plexippus",26,"3",12
"CosumnesRiverCA",2009-06-21,"CA",38.3503,-121.4358,"Danaus plexippus",1,"3",9
"CosumnesRiverCA",2010-06-13,"CA",38.3503,-121.4358,"Danaus plexippus",1,"4",13.5
"CosumnesRiverCA",2012-06-17,"CA",38.3503,-121.4358,"Danaus plexippus",1,"2",10.5
"CosumnesRiverCA",2015-06-13,"CA",38.3503,-121.4358,"Danaus plexippus",15,"2",7
"CosumnesRiverCA",2016-06-18,"CA",38.3503,-121.4358,"Danaus plexippus",10,"2",12
"CosumnesRiverCA",2017-06-17,"CA",38.3503,-121.4358,"Danaus plexippus",4,"2",7
"Cottonwood",2017-09-04,"AZ",34.738,-112.0353,"Danaus plexippus",18,"2",8
"Cottonwood",2018-08-30,"AZ",34.738,-112.0353,"Danaus plexippus",3,"1",7
"CottonwoodSpringCA",2009-03-28,"CA",33.7441,-115.8173,"Danaus plexippus",1,"4",30
"DardenellesCA",1982-07-04,"CA",38.3411,-119.8333,"Danaus plexippus",2,"1",5
"DardenellesCA",1983-07-03,"CA",38.3411,-119.8333,"Danaus plexippus",1,"1",6
"DardenellesCA",1984-07-08,"CA",38.3411,-119.8333,"Danaus plexippus",5,"4",28
"DardenellesCA",1986-07-19,"CA",38.3411,-119.8333,"Danaus plexippus",1,"1",5
"DardenellesCA",1987-06-30,"CA",38.3411,-119.8333,"Danaus plexippus",10,"2",10
"DardenellesCA",1988-06-25,"CA",38.3411,-119.8333,"Danaus plexippus",1,"1",6
"DardenellesCA",1989-07-15,"CA",38.3411,-119.8333,"Danaus plexippus",20,"2",10
"DardenellesCA",1990-07-14,"CA",38.3411,-119.8333,"Danaus plexippus",7,"2",12
"DardenellesCA",1991-07-13,"CA",38.3411,-119.8333,"Danaus plexippus",11,"3",15
"DardenellesCA",1994-07-09,"CA",38.3411,-119.8333,"Danaus plexippus",2,"2",12
"DardenellesCA",1995-07-22,"CA",38.3411,-119.8333,"Danaus plexippus",2,"3",18
"DardenellesCA",1996-07-06,"CA",38.3411,-119.8333,"Danaus plexippus",3,"3",18
"DardenellesCA",1997-07-05,"CA",38.3411,-119.8333,"Danaus plexippus",12,"3",18
"DardenellesCA",1998-07-18,"CA",38.3411,-119.8333,"Danaus plexippus",6,"3",18
"DardenellesCA",2000-07-22,"CA",38.3411,-119.8333,"Danaus plexippus",5,"2",12
"DardenellesCA",2001-07-21,"CA",38.3411,-119.8333,"Danaus plexippus",3,"2",12
"DardenellesCA",2002-07-13,"CA",38.3411,-119.8333,"Danaus plexippus",2,"2",12
"DardenellesCA",2003-07-19,"CA",38.3411,-119.8333,"Danaus plexippus",1,"2",14
"DardenellesCA",2004-07-24,"CA",38.3411,-119.8333,"Danaus plexippus",13,"4",16
"DardenellesCA",2005-07-16,"CA",38.3411,-119.8333,"Danaus plexippus",2,"2",14
"DardenellesCA",2006-07-29,"CA",38.3411,-119.8333,"Danaus plexippus",1,"3",7.5
"DardenellesCA",2008-07-19,"CA",38.3411,-119.8333,"Danaus plexippus",3,"4",26
"DardenellesCA",2009-07-18,"CA",38.3411,-119.8333,"Danaus plexippus",1,"4",24
"DardenellesCA",2010-07-24,"CA",38.3411,-119.8333,"Danaus plexippus",3,"4",22
"ElDoradoNatureCenterCA",2005-06-25,"CA",33.8095,-118.0869,"Danaus plexippus",5,"1",5
"ElDoradoNatureCenterCA",2006-06-24,"CA",33.8095,-118.0869,"Danaus plexippus",12,"unk",4.5
"ElDoradoNatureCenterCA",2007-06-30,"CA",33.8095,-118.0869,"Danaus plexippus",12,"unk",4.5
"ElDoradoNatureCenterCA",2008-06-28,"CA",33.8095,-118.0869,"Danaus plexippus",7,"1",5
"ElDoradoNatureCenterCA",2009-06-27,"CA",33.8095,-118.0869,"Danaus plexippus",11,"1",4.5
"ElDoradoNatureCenterCA",2010-06-26,"CA",33.8095,-118.0869,"Danaus plexippus",14,"2",5
"ElDoradoNatureCenterCA",2011-06-25,"CA",33.8095,-118.0869,"Danaus plexippus",2,"1",5
"ElDoradoNatureCenterCA",2013-07-13,"CA",33.8095,-118.0869,"Danaus plexippus",13,"1",4.5
"ElDoradoNatureCenterCA",2014-07-12,"CA",33.8095,-118.0869,"Danaus plexippus",3,"1",5
"ElDoradoNatureCenterCA",2015-07-11,"CA",33.8095,-118.0869,"Danaus plexippus",1,"1",5
"ElDoradoNatureCenterCA",2017-07-08,"CA",33.8095,-118.0869,"Danaus plexippus",3,"2",6
"FortCollinsCO",1984-07-08,"CO",40.57,-105.08,"Danaus plexippus",2,"3",19.1
"FortCollinsCO",1985-06-23,"CO",40.57,-105.08,"Danaus plexippus",7,"4",20.5
"FortCollinsCO",1986-06-21,"CO",40.57,-105.08,"Danaus plexippus",1,"4",23
"FortCollinsCO",1987-06-14,"CO",40.57,-105.08,"Danaus plexippus",2,"3",17
"FortCollinsCO",1989-06-24,"CO",40.57,-105.08,"Danaus plexippus",1,"5",17.5
"FortCollinsCO",1990-06-30,"CO",40.57,-105.08,"Danaus plexippus",5,"4 to 5",32
"FortCollinsCO",1991-06-22,"CO",40.57,-105.08,"Danaus plexippus",3,"4",18
"FortCollinsCO",1992-06-21,"CO",40.57,-105.08,"Danaus plexippus",8,"5",20
"FortCollinsCO",1993-06-26,"CO",40.57,-105.08,"Danaus plexippus",1,"3",10.5
"FortCollinsCO",1994-06-25,"CO",40.57,-105.08,"Danaus plexippus",6,"2",15
"FortCollinsCO",1997-06-29,"CO",40.57,-105.08,"Danaus plexippus",26,"4",31.5
"FortCollinsCO",1999-07-06,"CO",40.57,-105.08,"Danaus plexippus",2,"2",11.5
"GiantSequoiaNationalMonumentSouth",2003-07-06,"CA",36,-118.4833,"Danaus plexippus",5,"5",42.3
"GiantSequoiaNationalMonumentSouth",2004-07-04,"CA",36,-118.4833,"Danaus plexippus",23,"4",30.3
"GiantSequoiaNationalMonumentSouth",2005-07-03,"CA",36,-118.4833,"Danaus plexippus",12,"6",28.5
"GiantSequoiaNationalMonumentSouth",2006-07-02,"CA",36,-118.4833,"Danaus plexippus",6,"3",21
"GiantSequoiaNationalMonumentSouth",2007-07-01,"CA",36,-118.4833,"Danaus plexippus",4,"4",26
"GiantSequoiaNationalMonumentSouth",2008-06-30,"CA",36,-118.4833,"Danaus plexippus",13,"4",29
"GiantSequoiaNationalMonumentSouth",2009-07-05,"CA",36,-118.4833,"Danaus plexippus",6,"3",21
"GiantSequoiaNationalMonumentSouth",2011-07-03,"CA",36,-118.4833,"Danaus plexippus",5,"2",18
"GiantSequoiaNationalMonumentSouth",2012-07-01,"CA",36,-118.4833,"Danaus plexippus",6,"2",18
"GiantSequoiaNationalMonumentSouth",2013-06-30,"CA",36,-118.4833,"Danaus plexippus",4,"3",26.5
"GiantSequoiaNationalMonumentSouth",2014-06-29,"CA",36,-118.4833,"Danaus plexippus",15,"5",22
"GiantSequoiaNationalMonumentSouth",2015-06-28,"CA",36,-118.4833,"Danaus plexippus",2,"2",18
"GiantSequoiaNationalMonumentSouth",2016-07-03,"CA",36,-118.4833,"Danaus plexippus",41,"3",19
"GilpinCo",1977-06-19,"CO",39.8309,-105.4105,"Danaus plexippus",5,"4",22
"GilpinCo",1978-07-02,"CO",39.8309,-105.4105,"Danaus plexippus",12,"6",30
"GilpinCo",1980-07-13,"CO",39.8309,-105.4105,"Danaus plexippus",1,"8",20
"GilpinCo",1981-07-12,"CO",39.8309,-105.4105,"Danaus plexippus",7,"8",35
"GilpinCo",1982-07-03,"CO",39.8309,-105.4105,"Danaus plexippus",2,"3",27
"GilpinCo",1983-07-10,"CO",39.8309,-105.4105,"Danaus plexippus",1,"3",16
"GilpinCo",1984-07-15,"CO",39.8309,-105.4105,"Danaus plexippus",1,"5",23
"GilpinCo",1985-07-07,"CO",39.8309,-105.4105,"Danaus plexippus",8,"6",36
"GilpinCo",1986-07-12,"CO",39.8309,-105.4105,"Danaus plexippus",2,"3",19
"GilpinCo",1987-07-05,"CO",39.8309,-105.4105,"Danaus plexippus",7,"4",23
"GilpinCo",1988-07-03,"CO",39.8309,-105.4105,"Danaus plexippus",2,"5",27
"GilpinCo",1989-07-02,"CO",39.8309,-105.4105,"Danaus plexippus",7,"6",35
"GilpinCo",1990-07-08,"CO",39.8309,-105.4105,"Danaus plexippus",2,"6",26
"GilpinCo",1991-07-07,"CO",39.8309,-105.4105,"Danaus plexippus",6,"5",24
"GilpinCo",1992-07-05,"CO",39.8309,-105.4105,"Danaus plexippus",2,"4 to 5",27
"GilpinCo",1994-07-03,"CO",39.8309,-105.4105,"Danaus plexippus",4,"7",44
"GilpinCo",1997-07-06,"CO",39.8309,-105.4105,"Danaus plexippus",10,"7",43
"GilpinCo",1998-07-05,"CO",39.8309,-105.4105,"Danaus plexippus",1,"9",52
"GilpinCo",1999-07-04,"CO",39.8309,-105.4105,"Danaus plexippus",1,"10",66
"GilpinCo",2001-07-08,"CO",39.8309,-105.4105,"Danaus plexippus",9,"11",55
"GilpinCo",2003-07-06,"CO",39.8309,-105.4105,"Danaus plexippus",2,"8",38
"GilpinCo",2005-07-10,"CO",39.8309,-105.4105,"Danaus plexippus",1,"7",45
"GilpinCo",2007-07-08,"CO",39.8309,-105.4105,"Danaus plexippus",3,"4",24
"GilpinCo",2010-07-04,"CO",39.8309,-105.4105,"Danaus plexippus",1,"5",20
"GilpinCo",2012-07-01,"CO",39.8309,-105.4105,"Danaus plexippus",1,"5",40
"GilpinCo",2014-07-06,"CO",39.8309,-105.4105,"Danaus plexippus",1,"4",32
"GilpinCo",2015-07-12,"CO",39.8309,-105.4105,"Danaus plexippus",2,"5",25
"GilpinCo",2016-07-06,"CO",39.8482,-105.4001,"Danaus plexippus",1,"6",26
"GilpinCo",2018-07-01,"CO",39.8482,-105.4001,"Danaus plexippus",1,"5",22
"GilpinCounty(uppercircle)CO",1989-07-02,"CO",39.92,-105.58,"Danaus plexippus",4,"5",14.5
"GilpinCounty(uppercircle)CO",1994-07-03,"CO",39.92,-105.58,"Danaus plexippus",1,"4",16
"GilpinCounty(uppercircle)COsplit",1979-07-22,"CO",39.97,-105.5,"Danaus plexippus",4,"2",9
"GlassMountain",2017-07-27,"CA",37.784,-118.777,"Danaus plexippus",5,"5",32.5
"GoodingCityofRocksID",2005-07-24,"ID",43.1689,-114.6588,"Danaus plexippus",1,"1",6.5
"GoodingCityofRocksID",2007-07-02,"ID",43.1689,-114.6588,"Danaus plexippus",2,"2",15
"GoodingCityofRocksNationalReserve",2007-07-18,"ID",42.0594,-113.6803,"Danaus plexippus",8,"unk",7
"GrandCanyonSouthRim",2014-09-06,"AZ",35.989,-112.1221,"Danaus plexippus",29,"7",26.5
"GrandCanyonSouthRim",2015-06-14,"AZ",35.989,-112.1221,"Danaus plexippus",1,"1",6
"GrandCanyonSouthRim",2015-08-16,"AZ",35.989,-112.1221,"Danaus plexippus",67,"4",6
"GuadalupeCanyonAZNM",1986-08-04,"AZ",31.33,-109.07,"Danaus plexippus",1,"2",10
"HagermanID",2005-07-17,"ID",42.8196,-114.8988,"Danaus plexippus",2,"1",6
"HagermanID",2006-06-18,"ID",42.8196,-114.8988,"Danaus plexippus",1,"unk",6
"HagermanID",2007-07-20,"ID",42.8196,-114.8988,"Danaus plexippus",5,"unk",8
"HastingsReservationCA",1998-06-29,"CA",36.336,-121.4993,"Danaus plexippus",8,"2",8.5
"HastingsReservationCA",2000-06-10,"CA",36.336,-121.4993,"Danaus plexippus",1,"3",13.3
"HastingsReservationCA",2001-06-10,"CA",36.336,-121.4993,"Danaus plexippus",3,"3",11.8
"HastingsReservationCA",2003-06-21,"CA",36.336,-121.4993,"Danaus plexippus",1,"4",15.8
"HastingsReservationCA",2004-06-11,"CA",36.336,-121.4993,"Danaus plexippus",4,"2",11.8
"HastingsReservationCA",2005-06-28,"CA",36.336,-121.4993,"Danaus plexippus",6,"2",13
"HastingsReservationCA",2008-06-07,"CA",36.336,-121.4993,"Danaus plexippus",7,"3",17.5
"HastingsReservationCA",2010-06-04,"CA",36.336,-121.4993,"Danaus plexippus",1,"3",17
"HastingsReservationCA",2011-06-14,"CA",36.336,-121.4993,"Danaus plexippus",2,"5",26
"HastingsReservationCA",2012-06-18,"CA",36.336,-121.4993,"Danaus plexippus",8,"3",17
"HastingsReservationCA",2013-06-17,"CA",36.336,-121.4993,"Danaus plexippus",3,"3",13
"HastingsReservationCA",2014-06-08,"CA",36.336,-121.4993,"Danaus plexippus",5,"3",17.5
"HastingsReservationCA",2015-06-06,"CA",36.336,-121.4993,"Danaus plexippus",23,"3",17
"HastingsReservationCA",2017-06-10,"CA",36.336,-121.4993,"Danaus plexippus",2,"3",20.5
"HighLineCanalCO",1977-07-17,"CO",39.7243,-104.8472,"Danaus plexippus",5,"2",5
"HighLineCanalCO",1978-07-11,"CO",39.7243,-104.8472,"Danaus plexippus",19,"3",14
"HighLineCanalCO",1979-07-12,"CO",39.7243,-104.8472,"Danaus plexippus",20,"2",12
"HighLineCanalCO",1980-07-21,"CO",39.7243,-104.8472,"Danaus plexippus",2,"1",3
"HighLineCanalCO",1981-07-15,"CO",39.7243,-104.8472,"Danaus plexippus",21,"2",10
"HighLineCanalCO",1982-08-09,"CO",39.7243,-104.8472,"Danaus plexippus",5,"2",12
"HighLineCanalCO",1983-07-12,"CO",39.7243,-104.8472,"Danaus plexippus",4,"2",8
"HighLineCanalCO",1984-07-12,"CO",39.7243,-104.8472,"Danaus plexippus",10,"2",5
"HighLineCanalCO",1985-07-14,"CO",39.7243,-104.8472,"Danaus plexippus",9,"2",6.2
"HighLineCanalCO",1987-07-13,"CO",39.7243,-104.8472,"Danaus plexippus",11,"1",8
"HighLineCanalCO",1988-06-30,"CO",39.7243,-104.8472,"Danaus plexippus",2,"2",8.5
"HighLineCanalCO",1989-07-08,"CO",39.7243,-104.8472,"Danaus plexippus",12,"2",8
"HighLineCanalCO",1990-07-07,"CO",39.7243,-104.8472,"Danaus plexippus",35,"2",8
"HighLineCanalCO",1991-07-06,"CO",39.7243,-104.8472,"Danaus plexippus",10,"2",13
"HighLineCanalCO",1992-07-12,"CO",39.7243,-104.8472,"Danaus plexippus",12,"2",7.5
"HighLineCanalCO",1994-06-23,"CO",39.7243,-104.8472,"Danaus plexippus",2,"3",14
"HighLineCanalCO",1995-07-08,"CO",39.7243,-104.8472,"Danaus plexippus",7,"3",9
"HighLineCanalCO",1997-07-05,"CO",39.7243,-104.8472,"Danaus plexippus",12,"unk",6.5
"HighLineCanalCO",1998-07-14,"CO",39.7243,-104.8472,"Danaus plexippus",9,"2",7.5
"HighLineCanalCO",1999-07-12,"CO",39.7243,-104.8472,"Danaus plexippus",3,"2",8
"HighLineCanalCO",2000-07-05,"CO",39.7243,-104.8472,"Danaus plexippus",3,"2",6
"HighLineCanalCO",2001-07-02,"CO",39.7243,-104.8472,"Danaus plexippus",4,"2",10.5
"HighLineCanalCO",2002-07-06,"CO",39.7243,-104.8472,"Danaus plexippus",2,"1",5.5
"HighLineCanalCO",2004-07-11,"CO",39.7243,-104.8472,"Danaus plexippus",4,"1",4
"HighLineCanalCO",2007-07-03,"CO",39.7243,-104.8472,"Danaus plexippus",3,"2",8
"HighLineCanalCO",2008-07-23,"CO",39.7243,-104.8472,"Danaus plexippus",1,"2",4
"JoshuaTreeCA",1998-05-02,"CA",34.0167,-116.1667,"Danaus plexippus",3,"3",17
"JoshuaTreeCA",2004-05-01,"CA",34.0167,-116.1667,"Danaus plexippus",17,"4",29.8
"JoshuaTreeCA",2005-04-30,"CA",34.0167,-116.1667,"Danaus plexippus",1,"3",19.8
"JoshuaTreeCA",2008-04-26,"CA",34.0167,-116.1667,"Danaus plexippus",1,"4",22
"JoshuaTreeCA",2011-05-07,"CA",34.0167,-116.1667,"Danaus plexippus",3,"4",28
"JoshuaTreeCA",2012-04-28,"CA",34.0167,-116.1667,"Danaus plexippus",1,"3",18
"JoshuaTreeCA",2014-10-13,"CA",34.0167,-116.1667,"Danaus plexippus",2,"4",28
"JoshuaTreeCA",2015-10-04,"CA",34.0167,-116.1667,"Danaus plexippus",1,"4",24
"JoshuaTreeCA",2016-10-09,"CA",34.0167,-116.1667,"Danaus plexippus",17,"5",34.5
"JoshuaTreeCA",2017-04-23,"CA",34.0167,-116.1667,"Danaus plexippus",3,"4",29.5
"JoshuaTreeCA",2017-10-07,"CA",34.0167,-116.1667,"Danaus plexippus",7,"4",27.5
"KeblerPassEricksonSpringsCO",1980-07-31,"CO",38.88,-107.21,"Danaus plexippus",1,"1",5.5
"KernRiverValleyCA",1981-07-11,"CA",35.73,-118.53,"Danaus plexippus",50,"1",10
"KernRiverValleyCA",1983-05-14,"CA",35.73,-118.53,"Danaus plexippus",6,"2",16
"KernRiverValleyCA",1985-06-08,"CA",35.73,-118.53,"Danaus plexippus",11,"3",21
"KernvilleCA",1996-06-30,"CA",35.76,-118.62,"Danaus plexippus",3,"4",25.5
"LandsEndRoadCO",2000-06-12,"CO",39,-108.23,"Danaus plexippus",1,"1",4.5
"LavaBedsNationalMonument",2009-06-29,"CA",41.7668,-121.5253,"Danaus plexippus",11,"3",25.5
"LavaBedsNationalMonument",2010-06-28,"CA",41.7668,-121.5253,"Danaus plexippus",3,"5",45
"LavaBedsNationalMonument",2011-06-27,"CA",41.7668,-121.5253,"Danaus plexippus",1,"3",24
"LavaBedsNationalMonument",2012-07-01,"CA",41.7668,-121.5253,"Danaus plexippus",5,"2",18
"LavaBedsNationalMonument",2013-06-29,"CA",41.7668,-121.5253,"Danaus plexippus",10,"5",40
"LavaBedsNationalMonument",2014-06-26,"CA",41.7668,-121.5253,"Danaus plexippus",7,"4",32
"LavaBedsNationalMonument",2015-06-24,"CA",41.7668,-121.5253,"Danaus plexippus",25,"5",35
"LavaBedsNationalMonument",2016-06-27,"CA",41.7668,-121.5253,"Danaus plexippus",35,"6",48
"LavaBedsNationalMonument",2017-06-26,"CA",41.7668,-121.5253,"Danaus plexippus",2,"5",35
"LavaBedsNationalMonument",2018-06-25,"CA",41.7668,-121.5253,"Danaus plexippus",21,"7",61
"LoryStateParkCO",1977-07-10,"CO",40.57,-105.18,"Danaus plexippus",2,"1",6
"LosAlamosNM",2001-07-15,"NM",35.8797,-106.3216,"Danaus plexippus",7,"1",6
"LosAlamosNM",2002-06-29,"NM",35.8797,-106.3216,"Danaus plexippus",1,"1",6
"LosAlamosNM",2005-06-25,"NM",35.8797,-106.3216,"Danaus plexippus",1,"1",6
"MagicMountainID",2006-06-17,"ID",42.1889,-114.2854,"Danaus plexippus",2,"unk",7
"MagicMountainID",2007-06-06,"ID",42.1889,-114.2854,"Danaus plexippus",1,"3",24
"MarinCo",1991-06-29,"CA",37.9663,-122.5655,"Danaus plexippus",2,"1",4.3
"MarinCo",1992-06-27,"CA",37.9663,-122.5655,"Danaus plexippus",3,"1",7
"MarinCo",1997-06-28,"CA",37.9663,-122.5655,"Danaus plexippus",1,"unk",5
"MarinCo",2000-06-24,"CA",37.9663,-122.5655,"Danaus plexippus",1,"1",7.5
"MarinCo",2002-06-22,"CA",37.9663,-122.5655,"Danaus plexippus",1,"2",15
"MarinCo",2004-06-19,"CA",37.9663,-122.5655,"Danaus plexippus",1,"2",14
"MarinCo",2005-07-09,"CA",37.9663,-122.5655,"Danaus plexippus",2,"3",11.5
"MarinCo",2007-06-23,"CA",37.9663,-122.5655,"Danaus plexippus",1,"3",8
"MarinCo",2010-06-19,"CA",37.9663,-122.5655,"Danaus plexippus",1,"4",13
"MarinCo",2013-06-22,"CA",37.9663,-122.5655,"Danaus plexippus",1,"2",8.5
"MarinCo",2015-06-20,"CA",37.9663,-122.5655,"Danaus plexippus",1,"3",11.5
"MedicineLakeMT",2005-07-01,"MT",48.68,-104.6,"Danaus plexippus",1,"1",6
"MedicineLakeMT",2006-07-23,"MT",48.68,-104.6,"Danaus plexippus",1,"unk",7
"MinidokaNationalWildlifeRefugeID",2001-07-07,"ID",42.6479,-113.3544,"Danaus plexippus",1,"1",8
"MinidokaNationalWildlifeRefugeID",2002-07-06,"ID",42.6479,-113.3544,"Danaus plexippus",4,"2",9.5
"MinidokaNationalWildlifeRefugeID",2004-06-26,"ID",42.6479,-113.3544,"Danaus plexippus",12,"1",9
"MinidokaNationalWildlifeRefugeID",2005-06-26,"ID",42.6479,-113.3544,"Danaus plexippus",1,"1",7.5
"MinidokaNationalWildlifeRefugeID",2012-06-28,"ID",42.6479,-113.3544,"Danaus plexippus",5,"1",6.5
"MinidokaNationalWildlifeRefugeID",2014-06-25,"ID",42.6479,-113.3544,"Danaus plexippus",4,"1",6
"MinidokaNationalWildlifeRefugeID",2015-07-14,"ID",42.6479,-113.3544,"Danaus plexippus",18,"1",5.5
"MinidokaNationalWildlifeRefugeID",2016-07-12,"ID",42.6479,-113.3544,"Danaus plexippus",19,"1",4
"MinidokaNationalWildlifeRefugeID",2017-07-06,"ID",42.6479,-113.3544,"Danaus plexippus",6,"1",5
"MinidokaNationalWildlifeRefugeID",2018-07-05,"ID",42.6479,-113.3544,"Danaus plexippus",1,"1",4
"Monterey",2011-06-15,"CA",36.5418,-121.8185,"Danaus plexippus",1,"6",35
"Monterey",2012-06-17,"CA",36.5418,-121.8185,"Danaus plexippus",2,"6",30.5
"Monterey",2013-06-16,"CA",36.5418,-121.8185,"Danaus plexippus",3,"6",34.5
"Monterey",2014-06-07,"CA",36.5418,-121.8185,"Danaus plexippus",2,"6",34
"Monterey",2015-06-05,"CA",36.5418,-121.8185,"Danaus plexippus",8,"6",28.5
"Monterey",2016-06-11,"CA",36.5418,-121.8185,"Danaus plexippus",4,"9",39
"MortonElrodMemorialMT",1991-07-13,"MT",46.53,-114.1,"Danaus plexippus",10,"3",11.5
"MortonElrodMemorialMT",1992-07-18,"MT",46.53,-114.1,"Danaus plexippus",16,"2",10
"MountBadenPowellCA",1996-07-06,"CA",34.37,-117.77,"Danaus plexippus",6,"4",22.5
"MountBadenPowellCA",1997-06-29,"CA",34.37,-117.77,"Danaus plexippus",7,"5",25
"MountBadenPowellCA",1998-06-28,"CA",34.37,-117.77,"Danaus plexippus",1,"3",17.5
"MountBadenPowellCA",2000-07-02,"CA",34.37,-117.77,"Danaus plexippus",2,"5",36.5
"MountBadenPowellCA",2001-07-01,"CA",34.37,-117.77,"Danaus plexippus",6,"5",33
"MountBadenPowellCA",2003-06-29,"CA",34.37,-117.77,"Danaus plexippus",1,"2",14
"MountBadenPowellCA",2004-06-27,"CA",34.37,-117.77,"Danaus plexippus",1,"2",15.5
"MountBadenPowellCA",2005-06-26,"CA",34.37,-117.77,"Danaus plexippus",1,"2",12.3
"MountDiabloCA",1980-07-08,"CA",37.9511,-121.8871,"Danaus plexippus",3,"1",7
"MountDiabloCA",1981-07-03,"CA",37.9511,-121.8871,"Danaus plexippus",13,"3",20.8
"MountDiabloCA",1982-07-09,"CA",37.9511,-121.8871,"Danaus plexippus",13,"3",13.1
"MountDiabloCA",1983-06-28,"CA",37.9511,-121.8871,"Danaus plexippus",6,"3",20
"MountDiabloCA",1984-06-19,"CA",37.9511,-121.8871,"Danaus plexippus",13,"4",24.7
"MountDiabloCA",1985-06-21,"CA",37.9511,-121.8871,"Danaus plexippus",22,"4",26.5
"MountDiabloCA",1986-06-25,"CA",37.9511,-121.8871,"Danaus plexippus",19,"5",27.6
"MountDiabloCA",1987-06-29,"CA",37.9511,-121.8871,"Danaus plexippus",5,"5",24
"MountDiabloCA",1988-06-24,"CA",37.9511,-121.8871,"Danaus plexippus",4,"5",29.8
"MountDiabloCA",1989-06-27,"CA",37.9511,-121.8871,"Danaus plexippus",8,"4",23.5
"MountDiabloCA",1990-06-15,"CA",37.9511,-121.8871,"Danaus plexippus",13,"6",34.3
"MountDiabloCA",1991-06-29,"CA",37.9511,-121.8871,"Danaus plexippus",30,"6",40
"MountDiabloCA",1992-06-12,"CA",37.9511,-121.8871,"Danaus plexippus",3,"6",43.3
"MountDiabloCA",1993-06-18,"CA",37.9511,-121.8871,"Danaus plexippus",3,"5",25.5
"MountDiabloCA",1994-06-17,"CA",37.9511,-121.8871,"Danaus plexippus",5,"4",22.7
"MountDiabloCA",1996-06-18,"CA",37.9511,-121.8871,"Danaus plexippus",19,"5",28
"MountDiabloCA",1997-06-18,"CA",37.9511,-121.8871,"Danaus plexippus",41,"5",27.5
"MountDiabloCA",1998-06-15,"CA",37.9511,-121.8871,"Danaus plexippus",18,"6",32.9
"MountDiabloCA",1999-06-14,"CA",37.9511,-121.8871,"Danaus plexippus",3,"4",25.7
"MountDiabloCA",2000-06-19,"CA",37.9511,-121.8871,"Danaus plexippus",21,"6",33.3
"MountDiabloCA",2001-06-19,"CA",37.9511,-121.8871,"Danaus plexippus",7,"5",31.8
"MountDiabloCA",2002-06-18,"CA",37.9511,-121.8871,"Danaus plexippus",6,"5",25.7
"MountDiabloCA",2003-06-17,"CA",37.9511,-121.8871,"Danaus plexippus",1,"6",39.5
"MountDiabloCA",2004-06-08,"CA",37.9511,-121.8871,"Danaus plexippus",1,"6",36.4
"MountDiabloCA",2005-06-13,"CA",37.9511,-121.8871,"Danaus plexippus",2,"7",41
"MountDiabloCA",2006-06-19,"CA",37.9511,-121.8871,"Danaus plexippus",2,"7",42
"MountDiabloCA",2007-06-12,"CA",37.9511,-121.8871,"Danaus plexippus",4,"5",31
"MountDiabloCA",2008-06-16,"CA",37.9511,-121.8871,"Danaus plexippus",2,"6",35.5
"MountDiabloCA",2009-06-15,"CA",37.9511,-121.8871,"Danaus plexippus",1,"7",35
"MountDiabloCA",2010-06-21,"CA",37.9511,-121.8871,"Danaus plexippus",1,"6",38
"MountDiabloCA",2011-06-20,"CA",37.9511,-121.8871,"Danaus plexippus",4,"6",37.5
"MountDiabloCA",2012-06-12,"CA",37.9511,-121.8871,"Danaus plexippus",6,"3",20.5
"MountDiabloCA",2014-06-10,"CA",37.9511,-121.8871,"Danaus plexippus",8,"5",26
"MountDiabloCA",2015-06-08,"CA",38,-121.8871,"Danaus plexippus",10,"4",19
"MountDiabloCA",2016-06-06,"CA",38,-121.8871,"Danaus plexippus",14,"5",27.5
"MountDiabloCA",2017-06-19,"CA",38,-121.8871,"Danaus plexippus",3,"5",31
"MountHarrisonID",2007-07-23,"ID",42.2845,-113.6485,"Danaus plexippus",2,"2",21
"MountLassen",2007-07-08,"CA",40.4609,-121.404,"Danaus plexippus",2,"5",40
"MountLassen",2008-07-13,"CA",40.4609,-121.404,"Danaus plexippus",4,"5",28.5
"MountLassen",2010-07-24,"CA",40.4609,-121.404,"Danaus plexippus",1,"4",25
"MountLassen",2011-07-17,"CA",40.4609,-121.404,"Danaus plexippus",1,"2",14.5
"MountLassen",2012-07-21,"CA",40.4609,-121.404,"Danaus plexippus",2,"5",40
"MountLassen",2013-07-20,"CA",40.4609,-121.404,"Danaus plexippus",10,"10",90
"MountLassen",2014-07-12,"CA",40.4609,-121.404,"Danaus plexippus",3,"6",51
"MountLassen",2015-07-18,"CA",40.4609,-121.404,"Danaus plexippus",3,"7",50.5
"MountLassen",2016-07-23,"CA",40.4609,-121.404,"Danaus plexippus",13,"8",45
"MountLassen",2017-07-22,"CA",40.4609,-121.404,"Danaus plexippus",10,"6",50
"MountLassen",2018-07-14,"CA",40.4609,-121.404,"Danaus plexippus",1,"7",60
"MountPinosCA",1977-07-09,"CA",34.17,-119.02,"Danaus plexippus",19,"2",38.5
"MountShastaCA",1987-07-06,"CA",41.25,-122.25,"Danaus plexippus",1,"2",16.8
"MountShastaCA",1988-07-03,"CA",41.25,-122.25,"Danaus plexippus",1,"2",14.5
"MountShastaCA",1989-07-08,"CA",41.25,-122.25,"Danaus plexippus",13,"2",17.5
"MountShastaCA",1990-07-14,"CA",41.25,-122.25,"Danaus plexippus",8,"3",25
"MountShastaCA",1991-07-04,"CA",41.25,-122.25,"Danaus plexippus",16,"3",25.5
"MountShastaCA",1992-07-27,"CA",41.25,-122.25,"Danaus plexippus",3,"2",15.5
"NorthForkKernRiverValleyCA",2001-07-08,"CA",35.7735,-118.4706,"Danaus plexippus",20,"4",23.8
"NorthForkKernRiverValleyCA",2002-07-07,"CA",35.7735,-118.4706,"Danaus plexippus",4,"11",62
"NorthForkKernRiverValleyCA",2003-07-05,"CA",35.7735,-118.4706,"Danaus plexippus",4,"5",46.3
"NorthForkKernRiverValleyCA",2004-07-03,"CA",35.7735,-118.4706,"Danaus plexippus",5,"4",34.8
"NorthForkKernRiverValleyCA",2005-07-02,"CA",35.7735,-118.4706,"Danaus plexippus",3,"3",21
"NorthForkKernRiverValleyCA",2009-07-04,"CA",35.7735,-118.4706,"Danaus plexippus",1,"3",28
"NorthForkKernRiverValleyCA",2011-07-02,"CA",35.7735,-118.4706,"Danaus plexippus",2,"2",16
"NorthForkKernRiverValleyCA",2014-06-28,"CA",35.7735,-118.4706,"Danaus plexippus",3,"5",22.5
"NorthForkKernRiverValleyCA",2015-06-27,"CA",35.7735,-118.4706,"Danaus plexippus",8,"2",17.5
"NorthForkKernRiverValleyCA",2016-07-02,"CA",35.7735,-118.4706,"Danaus plexippus",3,"2",16.5
"NorthWarnerMountains",2014-06-28,"CA",41.8985,-120.1816,"Danaus plexippus",1,"5",29
"NorthWarnerMountains",2015-06-27,"CA",41.8985,-120.1816,"Danaus plexippus",18,"6",50
"NorthWarnerMountains",2016-06-25,"CA",41.8985,-120.1816,"Danaus plexippus",10,"6",48
"NorthWarnerMountains",2017-06-24,"CA",41.8985,-120.1816,"Danaus plexippus",4,"5",45
"ONeillRegionalParkCA",2009-07-05,"CA",33.6508,-117.6022,"Danaus plexippus",1,"1",4
"ONeillRegionalPark",2014-06-21,"CA",33.6508,-117.6022,"Danaus plexippus",2,"2",6.5
"ONeillRegionalParkCA",2000-06-25,"CA",33.72,-117.58,"Danaus plexippus",1,"1",5.5
"ONeillRegionalParkCA",2005-07-09,"CA",33.72,-117.58,"Danaus plexippus",2,"1",3
"OphirCanyon",2007-06-15,"NV",38.9383,-117.245,"Danaus plexippus",1,"unk",8
"OrangeCountyCA",1987-07-11,"CA",33.7,-117.82,"Danaus plexippus",5,"7",24
"OrangeCountyCA",1988-07-16,"CA",33.7,-117.82,"Danaus plexippus",1,"7",31
"OrangeCountyCA",1989-07-22,"CA",33.7,-117.82,"Danaus plexippus",3,"12",27
"OrangeCountyCA",1990-07-14,"CA",33.7,-117.82,"Danaus plexippus",1,"7",28
"OrganMountainsNM",1993-07-17,"NM",32.3666,-106.65,"Danaus plexippus",1,"2",10
"OrganMountainsNM",1995-08-05,"NM",32.3666,-106.65,"Danaus plexippus",3,"2",15
"OrganMountainsNM",1996-08-10,"NM",32.3666,-106.65,"Danaus plexippus",2,"2",12.3
"OrganMountainsNM",1998-08-08,"NM",32.3666,-106.65,"Danaus plexippus",1,"5",15.5
"OrganMountainsNM",2001-08-04,"NM",32.3666,-106.65,"Danaus plexippus",5,"6-Apr",23.5
"OrganMountainsNM",2004-07-31,"NM",32.3666,-106.65,"Danaus plexippus",20,"4",21
"OrganMountainsNM",2007-08-11,"NM",32.3666,-106.65,"Danaus plexippus",1,"5",16
"OrganMountainsNM",2008-08-09,"NM",32.3666,-106.65,"Danaus plexippus",5,"4",23
"OrganMountainsNM",2010-08-07,"NM",32.3666,-106.65,"Danaus plexippus",1,"4",23
"PalosVerdesCA",1981-07-04,"CA",33.7333,-118.3667,"Danaus plexippus",22,"3",12.5
"PalosVerdesCA",1982-07-03,"CA",33.7333,-118.3667,"Danaus plexippus",12,"7",21.5
"PalosVerdesCA",1984-07-07,"CA",33.7333,-118.3667,"Danaus plexippus",13,"7",23
"PalosVerdesCA",1985-07-06,"CA",33.7333,-118.3667,"Danaus plexippus",3,"7",25
"PalosVerdesCA",1987-07-18,"CA",33.7333,-118.3667,"Danaus plexippus",3,"4",21.5
"PalosVerdesCA",1988-07-23,"CA",33.7333,-118.3667,"Danaus plexippus",4,"6",27
"PalosVerdesCA",1989-07-15,"CA",33.7333,-118.3667,"Danaus plexippus",1,"6",28.8
"PalosVerdesCA",1990-07-28,"CA",33.7333,-118.3667,"Danaus plexippus",24,"6",25.5
"PalosVerdesCA",1991-07-13,"CA",33.7333,-118.3667,"Danaus plexippus",1,"4",19.3
"PalosVerdesCA",1992-07-18,"CA",33.7333,-118.3667,"Danaus plexippus",1,"5",21
"PalosVerdesCA",1994-07-23,"CA",33.7333,-118.3667,"Danaus plexippus",1,"4",21.5
"PalosVerdesCA",1995-07-29,"CA",33.7333,-118.3667,"Danaus plexippus",7,"6-Apr",29
"PalosVerdesCA",1996-07-20,"CA",33.7333,-118.3667,"Danaus plexippus",7,"6",37
"PalosVerdesCA",1997-07-19,"CA",33.7333,-118.3667,"Danaus plexippus",14,"4",25.5
"PalosVerdesCA",2000-07-22,"CA",33.7333,-118.3667,"Danaus plexippus",1,"5",18
"PalosVerdesCA",2001-07-28,"CA",33.7333,-118.3667,"Danaus plexippus",2,"4",24
"PalosVerdesCA",2003-07-19,"CA",33.7333,-118.3667,"Danaus plexippus",7,"5",31
"PalosVerdesCA",2005-07-16,"CA",33.7333,-118.3667,"Danaus plexippus",7,"4",28
"PalosVerdesCA",2006-07-15,"CA",33.7333,-118.3667,"Danaus plexippus",17,"6",34.5
"PalosVerdesCA",2007-07-21,"CA",33.7333,-118.3667,"Danaus plexippus",7,"6",29.5
"PalosVerdesCA",2008-07-19,"CA",33.7333,-118.3667,"Danaus plexippus",2,"3",20
"PalosVerdesCA",2009-07-18,"CA",33.7333,-118.3667,"Danaus plexippus",9,"6",31
"PalosVerdesCA",2010-07-17,"CA",33.7333,-118.3667,"Danaus plexippus",4,"5",14.5
"PalosVerdesCA",2011-07-16,"CA",33.7333,-118.3667,"Danaus plexippus",1,"4",24
"PalosVerdesCA",2012-07-07,"CA",33.7333,-118.3667,"Danaus plexippus",7,"10",46
"PalosVerdesCA",2013-07-07,"CA",33.7333,-118.3667,"Danaus plexippus",13,"8",37
"PalosVerdesCA",2014-07-06,"CA",33.7333,-118.3667,"Danaus plexippus",20,"11",31.5
"PalosVerdesCA",2015-07-11,"CA",33.7333,-118.3667,"Danaus plexippus",36,"6",26
"PalosVerdesCA",2016-07-09,"CA",33.7333,-118.3667,"Danaus plexippus",72,"8",34
"PalosVerdesCA",2017-07-15,"CA",33.7726,-118.3269,"Danaus plexippus",26,"11",41.5
"PalosVerdesCA",2018-07-14,"CA",33.7726,-118.3269,"Danaus plexippus",32,"12",35
"PaoniaReservoirGunnisonCountyCO",1978-07-19,"CO",39.95,-107.35,"Danaus plexippus",51,"11",43.5
"PaoniaReservoirGunnisonCountyCO",1979-07-20,"CO",39.95,-107.35,"Danaus plexippus",2,"4",11.8
"PaoniaReservoirGunnisonCountyCO",1980-07-23,"CO",39.95,-107.35,"Danaus plexippus",15,"7",28.5
"PaoniaReservoirGunnisonCountyCO",1981-07-19,"CO",39.95,-107.35,"Danaus plexippus",38,"7",41
"PaoniaReservoirGunnisonCountyCO",1982-08-01,"CO",39.95,-107.35,"Danaus plexippus",18,"6",45
"PasadenaCA",1996-06-29,"CA",34.173,-117.9912,"Danaus plexippus",1,"5",27.3
"PasadenaCA",1997-06-21,"CA",34.173,-117.9912,"Danaus plexippus",1,"5-Apr",27.3
"PasadenaCA",1998-06-20,"CA",34.173,-117.9912,"Danaus plexippus",1,"2",9.5
"PasadenaCA",2001-06-23,"CA",34.173,-117.9912,"Danaus plexippus",1,"3",20
"PatagoniaAZ",1986-08-23,"AZ",31.5072,-110.6908,"Danaus plexippus",2,"6",54
"PatagoniaAZ",1989-08-13,"AZ",31.5072,-110.6908,"Danaus plexippus",34,"8",65
"PatagoniaAZ",1990-08-11,"AZ",31.5072,-110.6908,"Danaus plexippus",12,"6",37
"PatagoniaAZ",1991-08-06,"AZ",31.5072,-110.6908,"Danaus plexippus",1,"7",61
"PatagoniaAZ",1992-08-09,"AZ",31.5072,-110.6908,"Danaus plexippus",8,"7",56.5
"PatagoniaAZ",1993-08-07,"AZ",31.5072,-110.6908,"Danaus plexippus",1,"6",55
"PatagoniaAZ",1994-08-06,"AZ",31.5072,-110.6908,"Danaus plexippus",4,"7",75
"PatagoniaAZ",1995-08-13,"AZ",31.5072,-110.6908,"Danaus plexippus",4,"1",60
"PatagoniaAZ",1996-08-11,"AZ",31.5072,-110.6908,"Danaus plexippus",3,"5",40
"PatagoniaAZ",1997-08-09,"AZ",31.5072,-110.6908,"Danaus plexippus",83,"5",51
"PatagoniaAZ",1998-08-08,"AZ",31.5072,-110.6908,"Danaus plexippus",8,"6",66.5
"PatagoniaAZ",1999-08-09,"AZ",31.5072,-110.6908,"Danaus plexippus",16,"9",72.5
"PatagoniaAZ",2000-08-12,"AZ",31.5072,-110.6908,"Danaus plexippus",54,"8",64
"PatagoniaAZ",2001-08-11,"AZ",31.5072,-110.6908,"Danaus plexippus",27,"7",75
"PatagoniaAZ",2002-08-10,"AZ",31.5072,-110.6908,"Danaus plexippus",1,"6",47.5
"PatagoniaAZ",2003-08-09,"AZ",31.5072,-110.6908,"Danaus plexippus",70,"6",43.5
"PatagoniaAZ",2005-08-06,"AZ",31.5072,-110.6908,"Danaus plexippus",25,"10",61.5
"PatagoniaAZ",2006-08-05,"AZ",31.5072,-110.6908,"Danaus plexippus",3,"6",35
"PatagoniaAZ",2007-08-18,"AZ",31.5072,-110.6908,"Danaus plexippus",17,"7",58
"PatagoniaAZ",2008-08-09,"AZ",31.5072,-110.6908,"Danaus plexippus",1,"7",56
"PatagoniaAZ",2009-08-08,"AZ",31.5072,-110.6908,"Danaus plexippus",3,"9",71
"PatagoniaAZ",2010-08-07,"AZ",31.5072,-110.6908,"Danaus plexippus",5,"9",82
"PatagoniaAZ",2011-08-06,"AZ",31.5072,-110.6908,"Danaus plexippus",1,"9",79
"PatagoniaAZ",2012-08-11,"AZ",31.5072,-110.6908,"Danaus plexippus",7,"8",62
"PatagoniaAZ",2013-08-10,"AZ",31.5072,-110.6908,"Danaus plexippus",3,"11",73
"PatagoniaAZ",2014-08-09,"AZ",31.5072,-110.6908,"Danaus plexippus",6,"10",80
"PatagoniaAZ",2015-08-11,"AZ",31.5073,-110.7331,"Danaus plexippus",3,"10",81
"PatagoniaAZ",2016-08-08,"AZ",31.5073,-110.7331,"Danaus plexippus",5,"6",45.5
"PatagoniaAZ",2017-08-07,"AZ",31.5073,-110.7331,"Danaus plexippus",4,"6",54
"PatagoniaAZ",2018-08-12,"AZ",31.5073,-110.7331,"Danaus plexippus",5,"8",62.5
"PinnaclesNationalPark",2000-06-11,"CA",36.4647,-121.1978,"Danaus plexippus",5,"1",8.3
"PinnaclesNationalPark",2001-06-03,"CA",36.4647,-121.1978,"Danaus plexippus",6,"3",13
"PinnaclesNationalPark",2002-06-02,"CA",36.4647,-121.1978,"Danaus plexippus",4,"4",18.2
"PinnaclesNationalPark",2003-06-01,"CA",36.4647,-121.1978,"Danaus plexippus",2,"5",19.3
"PinnaclesNationalPark",2004-06-06,"CA",36.4647,-121.1978,"Danaus plexippus",5,"8",31
"PinnaclesNationalPark",2005-06-05,"CA",36.4647,-121.1978,"Danaus plexippus",9,"9",38.8
"PinnaclesNationalPark",2006-06-04,"CA",36.4647,-121.1978,"Danaus plexippus",1,"7",34
"PinnaclesNationalPark",2007-06-03,"CA",36.4647,-121.1978,"Danaus plexippus",6,"11",55.5
"PinnaclesNationalPark",2008-06-01,"CA",36.4647,-121.1978,"Danaus plexippus",11,"8",43.5
"PinnaclesNationalPark",2009-06-07,"CA",36.4647,-121.1978,"Danaus plexippus",1,"6",34
"PinnaclesNationalPark",2010-06-06,"CA",36.4647,-121.1978,"Danaus plexippus",3,"7",25
"PinnaclesNationalPark",2011-06-13,"CA",36.4647,-121.1978,"Danaus plexippus",2,"5",32.5
"PinnaclesNationalPark",2013-06-02,"CA",36.4647,-121.1978,"Danaus plexippus",3,"5",24
"PinnaclesNationalPark",2014-06-01,"CA",36.4647,-121.1978,"Danaus plexippus",8,"5",28
"PinnaclesNationalPark",2015-05-31,"CA",36.4647,-121.1978,"Danaus plexippus",9,"5",24.5
"PinnaclesNationalPark",2016-06-05,"CA",36.4647,-121.1978,"Danaus plexippus",6,"5",27.5
"PinnaclesNationalPark",2017-06-04,"CA",36.4647,-121.1978,"Danaus plexippus",7,"8",41
"PleasantviewHillsID",2005-07-22,"ID",42.2471,-112.5267,"Danaus plexippus",2,"1",10
"PleasantviewHillsID",2007-07-31,"ID",42.2471,-112.5267,"Danaus plexippus",1,"unk",8
"PointReyesCA",2005-07-13,"CA",38.0833,-122.8667,"Danaus plexippus",1,"5",26
"PointReyesCA",2006-07-10,"CA",38.0833,-122.8667,"Danaus plexippus",2,"5",25
"PointReyesCA",2015-07-15,"CA",38.0833,-122.8667,"Danaus plexippus",8,"6",29
"PointReyesCA",2016-07-01,"CA",38.0833,-122.8667,"Danaus plexippus",2,"5",22.5
"PomonaCA",1995-06-24,"CA",34.12,-117.72,"Danaus plexippus",5,"3",16
"PomonaCA",1996-07-05,"CA",34.12,-117.72,"Danaus plexippus",1,"2",9.8
"PomonaCA",1997-06-28,"CA",34.12,-117.72,"Danaus plexippus",4,"4",19.5
"PomonaCA",1998-06-27,"CA",34.12,-117.72,"Danaus plexippus",2,"2",7
"PomonaCA",2000-07-01,"CA",34.12,-117.72,"Danaus plexippus",4,"4",19
"PomonaCA",2001-06-30,"CA",34.12,-117.72,"Danaus plexippus",4,"4",29.5
"PomonaCA",2005-06-25,"CA",34.12,-117.72,"Danaus plexippus",2,"3",13
"PortalAZ",1999-08-28,"AZ",31.85,-109.1667,"Danaus plexippus",35,"8",62
"PortalAZ",2000-07-29,"AZ",31.85,-109.1667,"Danaus plexippus",5,"5",45
"PortalAZ",2001-07-28,"AZ",31.85,-109.1667,"Danaus plexippus",3,"5",28.5
"PortalAZ",2002-07-27,"AZ",31.85,-109.1667,"Danaus plexippus",1,"3",25
"PortalAZ",2003-07-26,"AZ",31.85,-109.1667,"Danaus plexippus",9,"2",16
"PortalAZ",2004-08-14,"AZ",31.85,-109.1667,"Danaus plexippus",16,"4",33.5
"PortalAZ",2005-08-13,"AZ",31.85,-109.1667,"Danaus plexippus",1,"4",32
"PortalAZ",2009-07-25,"AZ",31.85,-109.1667,"Danaus plexippus",8,"3",20
"PortalAZ",2012-07-28,"AZ",31.85,-109.1667,"Danaus plexippus",1,"4",18
"PortalAZ",2013-07-27,"AZ",31.85,-109.1667,"Danaus plexippus",3,"3",22.5
"PortalAZ",2014-07-26,"AZ",31.85,-109.1667,"Danaus plexippus",4,"3",17
"PortalAZ",2016-07-23,"AZ",31.85,-109.1667,"Danaus plexippus",1,"3",20
"PortalAZ",2017-07-23,"AZ",31.85,-109.1667,"Danaus plexippus",3,"3",20
"PortalAZ",2018-07-27,"AZ",31.85,-109.1667,"Danaus plexippus",5,"4",26.5
"QuailRidgeEcologicalReserveCA",1993-06-22,"CA",38.5,-122.17,"Danaus plexippus",1,"1",10
"QuailRidgeEcologicalReserveCA",1997-06-16,"CA",38.5,-122.17,"Danaus plexippus",2,"1",8
"QuailRidgeEcologicalReserveCA",1998-06-14,"CA",38.5,-122.17,"Danaus plexippus",1,"1",6.5
"RamseyCanyonAZ",1979-07-15,"AZ",31.424,-110.2238,"Danaus plexippus",5,"4",32
"RamseyCanyonAZ",1980-07-13,"AZ",31.424,-110.2238,"Danaus plexippus",2,"3",17
"RamseyCanyonAZ",1981-07-19,"AZ",31.424,-110.2238,"Danaus plexippus",11,"4",27
"RamseyCanyonAZ",1983-08-06,"AZ",31.424,-110.2238,"Danaus plexippus",6,"9",56
"RamseyCanyonAZ",1984-08-11,"AZ",31.424,-110.2238,"Danaus plexippus",8,"8",58.5
"RamseyCanyonAZ",1985-08-10,"AZ",31.424,-110.2238,"Danaus plexippus",15,"6",52
"RamseyCanyonAZ",1986-08-16,"AZ",31.424,-110.2238,"Danaus plexippus",6,"7",52
"RamseyCanyonAZ",1987-08-09,"AZ",31.424,-110.2238,"Danaus plexippus",14,"8",69
"RamseyCanyonAZ",1989-08-06,"AZ",31.424,-110.2238,"Danaus plexippus",11,"6",61
"RamseyCanyonAZ",1990-08-04,"AZ",31.424,-110.2238,"Danaus plexippus",11,"5",55
"RamseyCanyonAZ",1991-07-30,"AZ",31.424,-110.2238,"Danaus plexippus",6,"8",61.5
"RamseyCanyonAZ",1992-08-02,"AZ",31.424,-110.2238,"Danaus plexippus",3,"7",55
"RamseyCanyonAZ",1995-08-06,"AZ",31.424,-110.2238,"Danaus plexippus",4,"7",70
"RamseyCanyonAZ",1996-08-05,"AZ",31.424,-110.2238,"Danaus plexippus",14,"8",67.5
"RamseyCanyonAZ",1997-08-02,"AZ",31.424,-110.2238,"Danaus plexippus",49,"8",58
"RamseyCanyonAZ",1998-08-01,"AZ",31.424,-110.2238,"Danaus plexippus",5,"7",56.5
"RamseyCanyonAZ",2000-08-05,"AZ",31.424,-110.2238,"Danaus plexippus",19,"6",56
"RamseyCanyonAZ",2001-08-04,"AZ",31.424,-110.2238,"Danaus plexippus",22,"8",63
"RamseyCanyonAZ",2002-08-03,"AZ",31.424,-110.2238,"Danaus plexippus",1,"6",52
"RamseyCanyonAZ",2004-07-31,"AZ",31.424,-110.2238,"Danaus plexippus",1,"5",43.5
"RamseyCanyonAZ",2005-07-31,"AZ",31.424,-110.2238,"Danaus plexippus",15,"5",54.5
"RamseyCanyonAZ",2006-07-29,"AZ",31.424,-110.2238,"Danaus plexippus",6,"6",49
"RamseyCanyonAZ",2007-08-11,"AZ",31.424,-110.2238,"Danaus plexippus",16,"5",50
"RamseyCanyonAZ",2008-08-02,"AZ",31.424,-110.2238,"Danaus plexippus",5,"7",54
"RamseyCanyonAZ",2009-08-01,"AZ",31.424,-110.2238,"Danaus plexippus",2,"7",45
"RamseyCanyonAZ",2010-07-31,"AZ",31.424,-110.2238,"Danaus plexippus",1,"7",50
"RamseyCanyonAZ",2012-08-04,"AZ",31.424,-110.2238,"Danaus plexippus",14,"7",56
"RamseyCanyonAZ",2013-08-03,"AZ",31.424,-110.2238,"Danaus plexippus",15,"11",82
"RamseyCanyonAZ",2014-08-02,"AZ",31.424,-110.2238,"Danaus plexippus",60,"7",45.5
"RamseyCanyonAZ",2015-08-06,"AZ",31.424,-110.2238,"Danaus plexippus",4,"7",53
"RamseyCanyonAZ",2016-08-01,"AZ",31.424,-110.2238,"Danaus plexippus",2,"6",41.5
"RamseyCanyonAZ",2017-08-01,"AZ",31.424,-110.2238,"Danaus plexippus",4,"6",44
"RamseyCanyonAZ",2018-08-06,"AZ",31.424,-110.2238,"Danaus plexippus",6,"7",59.5
"RattlesnakeJacksatSkinGulchLarimerCountyCO",1981-07-14,"CO",40.67,-105.38,"Danaus plexippus",3,"5",21.5
"RavalliMT",1993-07-11,"MT",46.38,-114.17,"Danaus plexippus",1,"1",2.5
"RavalliMT",1997-07-04,"MT",46.38,-114.17,"Danaus plexippus",1,"1",5
"RockyMountainNationalParkCO",1978-07-04,"CO",40.35,-105.62,"Danaus plexippus",2,"1",10
"RockyMountainNationalParkCO",1980-07-09,"CO",40.35,-105.62,"Danaus plexippus",2,"2",10
"RockyMountainNationalParkCO",1984-07-22,"CO",40.35,-105.62,"Danaus plexippus",1,"2",16.8
"RockyMountainNationalParkCO",1997-07-26,"CO",40.35,-105.62,"Danaus plexippus",3,"2",9.5
"RooseveltNationalForestCO",1999-07-05,"CO",40.3652,-105.3254,"Danaus plexippus",1,"1",5
"RooseveltNationalForestCO",2015-07-11,"CO",40.3653,-105.3253,"Danaus plexippus",3,"1",6
"RooseveltNationalForestCO",2016-07-18,"CO",40.3653,-105.3253,"Danaus plexippus",2,"1",6
"SabinoCanyonAZ",1993-07-30,"AZ",32.3656,-110.7774,"Danaus plexippus",1,"2",5
"SabinoCanyonAZ",2008-07-19,"AZ",32.3656,-110.7774,"Danaus plexippus",1,"2",14
"SabinoCanyonAZ",2014-04-06,"AZ",32.3656,-110.7774,"Danaus plexippus",2,"8",50
"SabinoCanyonAZ",2017-03-26,"AZ",32.3656,-110.7774,"Danaus plexippus",3,"10",58
"SabinoCanyonAZ",2018-07-31,"AZ",32.3656,-110.7774,"Danaus plexippus",6,"6",33.5
"SalmonID",2005-07-23,"ID",45.18,-113.88,"Danaus plexippus",2,"1",5.5
"SalmonID",2006-07-22,"ID",45.18,-113.88,"Danaus plexippus",1,"unk",5.5
"SanBrunoMountainCA",1998-07-11,"CA",37.6875,-122.4363,"Danaus plexippus",2,"5",12
"SanFranciscoCA",2009-06-24,"CA",37.7643,-122.4385,"Danaus plexippus",1,"7",25
"SanFranciscoCA",2011-07-03,"CA",37.7643,-122.4385,"Danaus plexippus",3,"10",38.5
"SanFranciscoCA",2015-06-13,"CA",37.7643,-122.4385,"Danaus plexippus",3,"9",26
"SanFranciscoCA",2016-06-04,"CA",37.7643,-122.4385,"Danaus plexippus",3,"9",40
"SanFranciscoCA",2017-06-18,"CA",37.7643,-122.4385,"Danaus plexippus",3,"8",35.5
"SanFranciscoCA",2018-06-16,"CA",37.7643,-122.4385,"Danaus plexippus",1,"8",32.5
"SanFranciscoCA(old)",1990-06-28,"CA",37.78,-122.42,"Danaus plexippus",3,"2",7
"SanJoaquinCo",1978-07-13,"CA",38.1544,-121.3018,"Danaus plexippus",11,"1",6
"SanJoaquinCo",1979-07-19,"CA",38.1544,-121.3018,"Danaus plexippus",9,"1",7
"SanJoaquinCo",1980-07-24,"CA",38.1544,-121.3018,"Danaus plexippus",1,"1",4
"SanJoaquinCo",1982-07-18,"CA",38.1544,-121.3018,"Danaus plexippus",2,"1",2.5
"SanJoaquinCo",1986-07-02,"CA",38.1544,-121.3018,"Danaus plexippus",8,"1",3.5
"SanJoaquinCo",1987-06-30,"CA",38.1544,-121.3018,"Danaus plexippus",4,"1",4.5
"SanJoaquinCo",1988-06-16,"CA",38.1544,-121.3018,"Danaus plexippus",10,"1",4.4
"SanJoaquinCo",1989-06-16,"CA",38.1544,-121.3018,"Danaus plexippus",8,"2",7.3
"SanJoaquinCo",1990-06-15,"CA",38.1544,-121.3018,"Danaus plexippus",11,"1",5.8
"SanJoaquinCo",1991-06-14,"CA",38.1544,-121.3018,"Danaus plexippus",14,"1",6.5
"SanJoaquinCo",1992-06-20,"CA",38.1544,-121.3018,"Danaus plexippus",5,"2",6
"SanJoaquinCo",1993-06-25,"CA",38.1544,-121.3018,"Danaus plexippus",1,"1",5.3
"SanJoaquinCo",1994-06-17,"CA",38.1544,-121.3018,"Danaus plexippus",1,"1",5
"SanJoaquinCo",1995-07-03,"CA",38.1544,-121.3018,"Danaus plexippus",3,"1",4.8
"SanJoaquinCo",1996-06-15,"CA",38.1544,-121.3018,"Danaus plexippus",7,"2",7.8
"SanJoaquinCo",1997-06-21,"CA",38.1544,-121.3018,"Danaus plexippus",9,"unk",7
"SanJoaquinCo",1998-06-21,"CA",38.1544,-121.3018,"Danaus plexippus",24,"1",6.5
"SanJoaquinCo",1999-06-19,"CA",38.1544,-121.3018,"Danaus plexippus",7,"1",7.8
"SanJoaquinCo",2000-06-11,"CA",38.1544,-121.3018,"Danaus plexippus",11,"1",8
"SanJoaquinCo",2001-06-16,"CA",38.1544,-121.3018,"Danaus plexippus",1,"1",7
"SanJoaquinCo",2002-06-15,"CA",38.1544,-121.3018,"Danaus plexippus",1,"1",6
"SanJoaquinCo",2003-06-14,"CA",38.1544,-121.3018,"Danaus plexippus",1,"1",6.5
"SanJoaquinCo",2004-06-13,"CA",38.1544,-121.3018,"Danaus plexippus",1,"1",7.5
"SanJoaquinCo",2005-06-18,"CA",38.1544,-121.3018,"Danaus plexippus",2,"1",7
"SanJoaquinCo",2007-06-17,"CA",38.1544,-121.3018,"Danaus plexippus",1,"unk",6
"SanJoaquinCo",2009-06-20,"CA",38.1544,-121.3018,"Danaus plexippus",1,"1",9.5
"SanJoaquinCo",2010-06-12,"CA",38.1544,-121.3018,"Danaus plexippus",1,"1",7
"SanJoaquinCo",2014-06-14,"CA",38.1544,-121.3018,"Danaus plexippus",2,"1",7
"SanJoaquinCo",2015-06-20,"CA",38.1544,-121.3018,"Danaus plexippus",1,"1",7
"SanJuanCapistranoCA",1994-06-05,"CA",33.48,-117.65,"Danaus plexippus",2,"4",5
"SanJuanCapistranoCA",1995-06-18,"CA",33.48,-117.65,"Danaus plexippus",3,"3",5
"SanJuanCapistranoCA",1996-06-30,"CA",33.48,-117.65,"Danaus plexippus",7,"4",5
"SanJuanCapistranoCA",1997-06-14,"CA",33.48,-117.65,"Danaus plexippus",6,"4",4
"SanJuanCapistranoCA",1998-06-06,"CA",33.48,-117.65,"Danaus plexippus",18,"4",4.5
"SanJuanCapistranoCA",2001-06-23,"CA",33.48,-117.65,"Danaus plexippus",6,"2",5
"SanJuanCapistranoCA",2005-06-25,"CA",33.48,-117.65,"Danaus plexippus",8,"2",16
"SantaFeNM",1997-07-12,"NM",35.7184,-105.8488,"Danaus plexippus",1,"unk",4.5
"SantaFeNM",2004-07-10,"NM",35.7184,-105.8488,"Danaus plexippus",2,"1",5.5
"SantaFeNM",2006-07-15,"NM",35.7184,-105.8488,"Danaus plexippus",1,"unk",4.5
"SantaMargaritaCA",2001-07-22,"CA",35.38,-120.6,"Danaus plexippus",16,"5",15
"SantaMonicaMountainsCA",1980-07-12,"CA",34.58,-118.7,"Danaus plexippus",62,"4",18
"SantaRitaMountains",2011-10-01,"AZ",31.7268,-110.8807,"Danaus plexippus",1,"6",41.5
"SantaRitaMountains",2012-09-30,"AZ",31.7268,-110.8807,"Danaus plexippus",2,"7",45
"SantaRitaMountains",2013-09-29,"AZ",31.7268,-110.8807,"Danaus plexippus",3,"7",36
"SantaRitaMountains",2014-09-28,"AZ",31.7268,-110.8807,"Danaus plexippus",22,"6",42
"SantaRitaMountains",2015-09-27,"AZ",31.7268,-110.8723,"Danaus plexippus",2,"6",39.5
"SantaRitaMountains",2016-10-02,"AZ",31.7268,-110.8723,"Danaus plexippus",6,"8",53
"SantaRitaMountains",2017-07-26,"AZ",31.7268,-110.8723,"Danaus plexippus",1,"6",38
"SantaRitaMountains",2018-07-29,"AZ",31.7268,-110.8723,"Danaus plexippus",1,"6",41.5
"SantaRitaMountains",2018-09-29,"AZ",31.7268,-110.8723,"Danaus plexippus",9,"9",58.5
"SantaYnezCanyon",1982-06-20,"CA",34.0896,-118.6044,"Danaus plexippus",1,"1",3.8
"SantaYnezCanyon",1994-07-09,"CA",34.0896,-118.6044,"Danaus plexippus",1,"3",15.5
"SantaYnezCanyon",1995-07-08,"CA",34.0896,-118.6044,"Danaus plexippus",11,"5",21.8
"SantaYnezCanyon",1996-07-13,"CA",34.0896,-118.6044,"Danaus plexippus",14,"3",19
"SantaYnezCanyon",1997-07-12,"CA",34.0896,-118.6044,"Danaus plexippus",4,"4",17
"SantaYnezCanyon",1998-07-11,"CA",34.0896,-118.6044,"Danaus plexippus",2,"unk",6
"SantaYnezCanyon",1999-07-10,"CA",34.0896,-118.6044,"Danaus plexippus",1,"1",7
"SantaYnezCanyon",2000-07-08,"CA",34.0896,-118.6044,"Danaus plexippus",1,"1",6
"SantaYnezCanyon",2001-07-07,"CA",34.0896,-118.6044,"Danaus plexippus",1,"1",5.3
"SequoiaNationalForestSouth",2003-06-07,"CA",35.5333,-118.4833,"Danaus plexippus",3,"4",31.5
"SequoiaNationalForestSouth",2004-06-05,"CA",35.5333,-118.4833,"Danaus plexippus",9,"3",27
"SequoiaNationalForestSouth",2007-06-02,"CA",35.5333,-118.4833,"Danaus plexippus",3,"6",26
"SequoiaNationalForestSouth",2008-06-07,"CA",35.5333,-118.4833,"Danaus plexippus",2,"3",23
"SequoiaNationalForestSouth",2009-06-08,"CA",35.5333,-118.4833,"Danaus plexippus",3,"3",22
"SevenDevilsID",2013-07-13,"ID",45.382,-116.4362,"Danaus plexippus",1,"1",4.5
"SevenDevilsID",2016-07-16,"ID",45.3667,-116.4333,"Danaus plexippus",1,"1",3.5
"SevilletaNationalWildlifeRefugeWest",2017-08-26,"NM",34.3515,-106.8823,"Danaus plexippus",7,"2",6.5
"SevilletaNationalWildlifeRefugeWest",2018-08-25,"NM",34.3515,-106.8823,"Danaus plexippus",17,"3",8
"SilverwoodLakeCA",2000-06-17,"CA",34.28,-117.33,"Danaus plexippus",7,"5",39.5
"SilverwoodLakeCA",2001-06-16,"CA",34.28,-117.33,"Danaus plexippus",6,"4",7.5
"SilverwoodLakeCA",2003-06-22,"CA",34.28,-117.33,"Danaus plexippus",1,"3",21
"SilverwoodLakeCA",2004-06-19,"CA",34.28,-117.33,"Danaus plexippus",1,"4",21
"SonomaCo",1987-07-12,"CA",38.3333,-122.6833,"Danaus plexippus",3,"1",4.7
"SonomaCo",1988-06-26,"CA",38.3333,-122.6833,"Danaus plexippus",4,"1",5.6
"SonomaCo",1989-06-25,"CA",38.3333,-122.6833,"Danaus plexippus",1,"1",5.6
"SonomaCo",1991-06-30,"CA",38.3333,-122.6833,"Danaus plexippus",4,"1",5
"SonomaCo",1992-06-28,"CA",38.3333,-122.6833,"Danaus plexippus",3,"1",6.5
"SonomaCo",1996-06-23,"CA",38.3333,-122.6833,"Danaus plexippus",2,"1",4.5
"SonomaCo",1997-06-29,"CA",38.3333,-122.6833,"Danaus plexippus",1,"unk",4.5
"SonomaCo",1999-06-27,"CA",38.3333,-122.6833,"Danaus plexippus",2,"1",6
"SonomaCo",2000-06-25,"CA",38.3333,-122.6833,"Danaus plexippus",4,"1",6
"SonomaCo",2004-07-11,"CA",38.3333,-122.6833,"Danaus plexippus",4,"1",6.8
"SouthForkKernRiverValleyCA",2004-04-25,"CA",35.6413,-118.1873,"Danaus plexippus",2,"4",31
"SouthForkKernRiverValleyCA",2005-04-23,"CA",35.6413,-118.1873,"Danaus plexippus",3,"3",18.8
"SouthForkKernRiverValleyCA",2007-06-03,"CA",35.6413,-118.1873,"Danaus plexippus",1,"4",13
"SouthForkKernRiverValleyCA",2008-04-26,"CA",35.6413,-118.1873,"Danaus plexippus",1,"4",25
"SouthSanFranciscoBayCA",1989-06-25,"CA",37.48,-122.05,"Danaus plexippus",3,"2",6.5
"SouthSanFranciscoBayCA",1990-07-01,"CA",37.48,-122.05,"Danaus plexippus",2,"3",9.5
"SouthSanFranciscoBayCA",1991-07-06,"CA",37.48,-122.05,"Danaus plexippus",12,"3",10
"SouthSanFranciscoBayCA",1992-07-11,"CA",37.48,-122.05,"Danaus plexippus",5,"2",5.5
"SouthSanFranciscoBayCA",1996-06-30,"CA",37.48,-122.05,"Danaus plexippus",2,"2",5.6
"SouthSanFranciscoBayCA",1997-06-29,"CA",37.48,-122.05,"Danaus plexippus",1,"unk",3.5
"SouthSanFranciscoBayCA",1998-06-28,"CA",37.48,-122.05,"Danaus plexippus",4,"2",5
"SouthSanFranciscoBayCA",1999-06-27,"CA",37.48,-122.05,"Danaus plexippus",5,"2",4
"SouthSanFranciscoBayCA",2000-06-25,"CA",37.48,-122.05,"Danaus plexippus",2,"1",5
"SouthSanFranciscoBayCA",2001-07-01,"CA",37.48,-122.05,"Danaus plexippus",5,"2",5
"SouthSanFranciscoBayCA",2002-06-30,"CA",37.48,-122.05,"Danaus plexippus",6,"1",3.5
"SouthSanFranciscoBayCA",2003-06-29,"CA",37.48,-122.05,"Danaus plexippus",6,"2",5
"SouthSanFranciscoBayCA",2004-06-27,"CA",37.48,-122.05,"Danaus plexippus",2,"2",5
"SouthSanFranciscoBayCA",2005-06-26,"CA",37.48,-122.05,"Danaus plexippus",15,"5",5
"SouthSanFranciscoBayCA",2006-06-25,"CA",37.48,-122.05,"Danaus plexippus",5,"5",4.5
"SouthSanFranciscoBayCA",2007-06-24,"CA",37.48,-122.05,"Danaus plexippus",15,"5",4.5
"SpringervilleAZ",1980-07-15,"AZ",34.08,-109.32,"Danaus plexippus",30,"1",9
"SublettMountainsID",2009-07-23,"ID",42.3782,-112.9948,"Danaus plexippus",1,"1",7
"SugariteCanyonNMLakeDorotheyCO",2002-06-23,"CO",37,-104.35,"Danaus plexippus",2,"2",17
"SugariteCanyonNMLakeDorotheyCO",2003-06-15,"CO",37,-104.35,"Danaus plexippus",1,"2",9
"TrapperCreekID",2006-07-01,"ID",42.1678,-113.98,"Danaus plexippus",1,"3",19
"TrapperCreekID",2007-07-17,"ID",42.1678,-113.98,"Danaus plexippus",1,"5",34
"TrapperCreekID",2008-07-11,"ID",42.1678,-113.98,"Danaus plexippus",3,"4",36
"TrapperCreekID",2010-07-08,"ID",42.1678,-113.98,"Danaus plexippus",1,"6",17
"TrapperCreekID",2012-07-11,"ID",42.1678,-113.98,"Danaus plexippus",2,"5",36
"TwinFalls",2007-06-29,"ID",42.5563,-114.4733,"Danaus plexippus",5,"12",58
"UCLACampusLosAngelesCA",1981-07-11,"CA",34.07,-118.45,"Danaus plexippus",3,"1",3
"UCLACampusLosAngelesCA",1984-07-08,"CA",34.07,-118.45,"Danaus plexippus",1,"1",3.5
"UpperGallinasRiverWatershed",2009-07-23,"NM",35.6967,-105.3828,"Danaus plexippus",2,"3",10
"UpperGallinasRiverWatershed",2010-07-10,"NM",35.6967,-105.3828,"Danaus plexippus",1,"5",22
"UpperGallinasRiverWatershed",2013-07-30,"NM",35.6967,-105.3828,"Danaus plexippus",1,"3",14.5
"UpperGallinasRiverWatershed",2013-09-21,"NM",35.6967,-105.3828,"Danaus plexippus",3,"2",10
"UpperGallinasRiverWatershed",2014-07-25,"NM",35.6967,-105.3828,"Danaus plexippus",3,"2",11
"WhiteMountains",2010-07-20,"CA",37.582,-118.2478,"Danaus plexippus",1,"3",13
"WhiteMountains",2016-07-27,"CA",37.582,-118.2478,"Danaus plexippus",5,"4",26
"WhiteMountains",2017-07-29,"CA",37.582,-118.2478,"Danaus plexippus",2,"5",32
"WillowSlough",1977-07-04,"CA",38.5827,-121.7164,"Danaus plexippus",9,"1",4.5
"WillowSlough",1978-07-04,"CA",38.5827,-121.7164,"Danaus plexippus",36,"1",4.5
"WillowSlough",1979-07-04,"CA",38.5827,-121.7164,"Danaus plexippus",18,"1",3
"WillowSlough",1980-07-04,"CA",38.5827,-121.7164,"Danaus plexippus",14,"1",4
"WillowSlough",1981-07-04,"CA",38.5827,-121.7164,"Danaus plexippus",31,"1",4.5
"WillowSlough",1982-07-04,"CA",38.5827,-121.7164,"Danaus plexippus",38,"1",4
"WillowSlough",1983-07-04,"CA",38.5827,-121.7164,"Danaus plexippus",9,"1",3
"WillowSlough",1984-07-04,"CA",38.5827,-121.7164,"Danaus plexippus",16,"1",4.5
"WillowSlough",1985-07-04,"CA",38.5827,-121.7164,"Danaus plexippus",22,"1",4.5
"WillowSlough",1986-07-04,"CA",38.5827,-121.7164,"Danaus plexippus",24,"1",4.8
"WillowSlough",1987-07-04,"CA",38.5827,-121.7164,"Danaus plexippus",14,"1",5
"WillowSlough",1988-07-04,"CA",38.5827,-121.7164,"Danaus plexippus",9,"1",5.3
"WillowSlough",1989-07-04,"CA",38.5827,-121.7164,"Danaus plexippus",16,"1",4.5
"WillowSlough",1990-07-04,"CA",38.5827,-121.7164,"Danaus plexippus",22,"1",4.8
"WillowSlough",1991-07-04,"CA",38.5827,-121.7164,"Danaus plexippus",16,"1",4
"WillowSlough",1992-07-04,"CA",38.5827,-121.7164,"Danaus plexippus",17,"1",4.1
"WillowSlough",1993-07-04,"CA",38.5827,-121.7164,"Danaus plexippus",1,"1",5.2
"WillowSlough",1994-07-04,"CA",38.5827,-121.7164,"Danaus plexippus",10,"1",4.8
"WillowSlough",1995-07-04,"CA",38.5827,-121.7164,"Danaus plexippus",10,"1",4.8
"WillowSlough",1996-07-04,"CA",38.5827,-121.7164,"Danaus plexippus",49,"1",5.3
"WillowSlough",1997-07-04,"CA",38.5827,-121.7164,"Danaus plexippus",54,"1",4.8
"WillowSlough",1998-07-04,"CA",38.5827,-121.7164,"Danaus plexippus",37,"1",5.4
"WillowSlough",1999-07-04,"CA",38.5827,-121.7164,"Danaus plexippus",6,"1",5.3
"WillowSlough",2000-07-04,"CA",38.5827,-121.7164,"Danaus plexippus",26,"1",4.9
"WillowSlough",2001-07-04,"CA",38.5827,-121.7164,"Danaus plexippus",6,"1",5.3
"WillowSlough",2002-07-04,"CA",38.5827,-121.7164,"Danaus plexippus",8,"1",5.2
"WillowSlough",2004-07-04,"CA",38.5827,-121.7164,"Danaus plexippus",39,"1",5.5
"WillowSlough",2006-07-04,"CA",38.5827,-121.7164,"Danaus plexippus",1,"1",5
"WillowSlough",2012-07-04,"CA",38.5827,-121.7164,"Danaus plexippus",2,"1",5.5
"WillowSlough",2013-07-04,"CA",38.5827,-121.7164,"Danaus plexippus",1,"1",5.5
"WillowSlough",2014-07-04,"CA",38.5827,-121.7164,"Danaus plexippus",1,"1",5.5
"WillowSlough",2015-07-04,"CA",38.5827,-121.7164,"Danaus plexippus",7,"1",5.5
"WillowSlough",2016-07-04,"CA",38.5827,-121.7164,"Danaus plexippus",4,"1",6
"WillowSlough",2017-07-04,"CA",38.5827,-121.7164,"Danaus plexippus",6,"1",6
"YellowstoneNationalPark",2013-07-09,"MT",44.9764,-110.6996,"Danaus plexippus",1,"2",16
"YosemiteNationalPark",2012-07-30,"CA",37.9282,-119.2486,"Danaus plexippus",4,"4",25
"YosemiteNationalPark",2013-07-29,"CA",37.9282,-119.2486,"Danaus plexippus",1,"5",25
"YosemiteNationalPark",2014-07-28,"CA",37.9282,-119.2486,"Danaus plexippus",4,"6",21.5
"YosemiteNationalPark",2015-07-27,"CA",37.9282,-119.2486,"Danaus plexippus",2,"6",38.5
"YosemiteNationalPark",2016-07-25,"CA",37.9469,-119.2544,"Danaus plexippus",9,"7",45.5
"YosemiteNationalPark",2017-07-31,"CA",37.9469,-119.2544,"Danaus plexippus",4,"7",47
"YosemiteNationalPark",2018-07-30,"CA",37.9469,-119.2544,"Danaus plexippus",1,"6",28
"YrekaCA",1987-06-29,"CA",41.77,-122.7,"Danaus plexippus",11,"3",19.5
"YrekaCA",1988-07-02,"CA",41.77,-122.7,"Danaus plexippus",8,"4",24
"YrekaCA",1989-07-02,"CA",41.77,-122.7,"Danaus plexippus",29,"3",24
"YrekaCA",1990-07-08,"CA",41.77,-122.7,"Danaus plexippus",25,"3",26
"YrekaCA",1991-07-07,"CA",41.77,-122.7,"Danaus plexippus",46,"4",33.5
"YrekaCA",1992-07-04,"CA",41.77,-122.7,"Danaus plexippus",10,"3",23
"YrekaCA",1994-06-26,"CA",41.77,-122.7,"Danaus plexippus",3,"3",19.8
"YubaPassCA",2001-06-30,"CA",39.6619,-120.5519,"Danaus plexippus",1,"2",13
"YubaPassCA",2002-06-29,"CA",39.6619,-120.5519,"Danaus plexippus",1,"4",21
"YubaPassCA",2003-06-28,"CA",39.6619,-120.5519,"Danaus plexippus",2,"5",33.5
"YubaPassCA",2004-06-27,"CA",39.6619,-120.5519,"Danaus plexippus",4,"9",36.5
"YubaPassCA",2005-06-25,"CA",39.6619,-120.5519,"Danaus plexippus",1,"4",27.3
"YubaPassCA",2006-07-01,"CA",39.6619,-120.5519,"Danaus plexippus",3,"5",30
"YubaPassCA",2007-06-30,"CA",39.6619,-120.5519,"Danaus plexippus",5,"7",41.5
"YubaPassCA",2008-06-28,"CA",39.6619,-120.5519,"Danaus plexippus",1,"1",8.5
"YubaPassCA",2011-07-16,"CA",39.6619,-120.5519,"Danaus plexippus",1,"5",33
"YubaPassCA",2013-07-06,"CA",39.6619,-120.5519,"Danaus plexippus",6,"7",50.5
"YubaPassCA",2014-06-21,"CA",39.6619,-120.5519,"Danaus plexippus",1,"6",24
"YubaPassCA",2015-06-29,"CA",39.6619,-120.5519,"Danaus plexippus",7,"5",35
"YubaPassCA",2016-06-19,"CA",39.6619,-120.5519,"Danaus plexippus",3,"4",28
"YubaPassCA",2017-07-03,"CA",39.6619,-120.5519,"Danaus plexippus",2,"6",30
"YubaPassCA",2018-06-30,"CA",39.6619,-120.5519,"Danaus plexippus",1,"5",28
"AshlandOR",1987-07-05,"OR",42.13,-122.6,"Danaus plexippus",10,"2",16
"AshlandOR",1988-07-09,"OR",42.13,-122.6,"Danaus plexippus",6,"2",17.8
"AshlandOR",1989-07-01,"OR",42.13,-122.6,"Danaus plexippus",39,"3",25
"AshlandOR",1990-07-07,"OR",42.13,-122.6,"Danaus plexippus",13,"2",17
"AshlandOR",1991-06-30,"OR",42.13,-122.6,"Danaus plexippus",41,"6",40.5
"BeartoothButteWY",1985-06-28,"WY",44.93,-109.6,"Danaus plexippus",1,"1",5.7
"BeartoothButteWY",1989-07-18,"WY",44.93,-109.6,"Danaus plexippus",1,"1",8
"BentonCountyWA",1986-07-19,"WA",46.25,-119.75,"Danaus plexippus",3,"1",3
"BentonCountyWA",1989-07-15,"WA",46.25,-119.75,"Danaus plexippus",5,"1",2.5
"BryceCanyonUT",2001-07-17,"UT",37.6055,-112.1576,"Danaus plexippus",1,"1",8.5
"BryceCanyonUT",2008-07-19,"UT",37.6055,-112.1576,"Danaus plexippus",1,"1",8
"BryceCanyonUT",2010-07-27,"UT",37.6055,-112.1576,"Danaus plexippus",2,"1",5.5
"BryceCanyonUT",2011-07-22,"UT",37.6055,-112.1576,"Danaus plexippus",1,"1",8.5
"BryceCanyonUT",2014-07-08,"UT",37.6055,-112.1576,"Danaus plexippus",2,"1",7
"CascadeSiskiyouNationalMonument",2014-07-04,"OR",42.123,-122.4644,"Danaus plexippus",4,"5",36
"CascadeSiskiyouNationalMonument",2015-06-06,"OR",42.123,-122.4644,"Danaus plexippus",10,"5",25
"CascadeSiskiyouNationalMonument",2016-06-11,"OR",42.123,-122.4644,"Danaus plexippus",4,"3",21
"CascadeSiskiyouNationalMonument",2017-06-17,"OR",42.123,-122.4644,"Danaus plexippus",5,"4",32
"CascadeSiskiyouNationalMonument",2018-06-16,"OR",42.123,-122.4644,"Danaus plexippus",2,"4",28
"CheyenneWYCO",1993-06-27,"WY",41.07,-104.9,"Danaus plexippus",1,"1",5
"ChumstickMtn",2001-07-01,"WA",47.6507,-120.4509,"Danaus plexippus",1,"3",18
"ColterCanyonGrantTetonNationalParkWY",1981-07-11,"WY",43.93,-110.73,"Danaus plexippus",12,"3",27
"EscalanteDesert",2008-07-21,"UT",38.2,-113.25,"Danaus plexippus",1,"1",8
"EugeneOR",1992-06-20,"OR",44.0335,-123.0886,"Danaus plexippus",1,"2",7
"EugeneOR",2000-07-09,"OR",44.0335,-123.0886,"Danaus plexippus",2,"2",8.2
"EugeneOR",2001-07-07,"OR",44.0335,-123.0886,"Danaus plexippus",1,"5",22.5
"EugeneOR",2004-06-26,"OR",44.0335,-123.0886,"Danaus plexippus",5,"5",21.8
"EugeneOR",2006-07-01,"OR",44.0335,-123.0886,"Danaus plexippus",1,"6",17
"EugeneOR",2009-06-28,"OR",44.0335,-123.0886,"Danaus plexippus",1,"6",19.5
"EugeneOR",2015-07-05,"OR",44.0335,-123.0886,"Danaus plexippus",1,"9",14
"EugeneOR",2016-07-02,"OR",44.0335,-123.0886,"Danaus plexippus",3,"5",12.5
"EugeneOR",2017-07-04,"OR",44.0335,-123.0886,"Danaus plexippus",3,"5",22.5
"FourCornersWY",2000-07-04,"WY",44.08,-104.14,"Danaus plexippus",1,"1",4
"KlamathFallsOR",1988-07-10,"OR",42.17,-121.75,"Danaus plexippus",7,"2",16
"KlamathFallsOR",1989-07-29,"OR",42.17,-121.75,"Danaus plexippus",4,"2",10
"KlamathFallsOR",1990-07-15,"OR",42.17,-121.75,"Danaus plexippus",9,"3",28
"KlamathFallsOR",1991-07-21,"OR",42.17,-121.75,"Danaus plexippus",14,"3",24
"KlamathFallsOR",1992-07-06,"OR",42.17,-121.75,"Danaus plexippus",5,"2",14
"LaSalMountains",2016-07-23,"UT",38.5227,-109.3385,"Danaus plexippus",2,"1",8
"LittlePendOreilleNationalWildlifeRefuge",2012-07-07,"WA",48.5018,-117.6581,"Danaus plexippus",1,"1",6.5
"LostCreekGrandTetonNationalParkWY",1980-07-08,"WY",43.75,-110.6,"Danaus plexippus",1,"4",20
"MarysPeakOR",1998-07-18,"OR",44.51,-123.55,"Danaus plexippus",1,"2",8
"MetoliusOR",1990-07-07,"OR",44.4733,-121.64,"Danaus plexippus",2,"1",8
"MetoliusOR",1993-07-10,"OR",44.4733,-121.64,"Danaus plexippus",1,"2",15
"OchocoOR",1994-06-25,"OR",44.3667,-120.2667,"Danaus plexippus",2,"2",14
"OchocoOR",1997-06-28,"OR",44.3667,-120.2667,"Danaus plexippus",2,"2",11
"OchocoOR",2000-06-24,"OR",44.3667,-120.2667,"Danaus plexippus",1,"2",14
"OchocoOR",2010-06-26,"OR",44.3667,-120.2667,"Danaus plexippus",1,"1",8.5
"OchocoOR",2016-06-22,"OR",44.3667,-120.2667,"Danaus plexippus",1,"2",16
"SanpeteCountyUT",1996-07-21,"UT",39.25,-111.55,"Danaus plexippus",25,"15",120
"SignalMountainGrantTetonNationalParkWY",1981-07-08,"WY",43.85,-110.57,"Danaus plexippus",1,"3",18
"SnowyRangeAlbanyCountyWY",1982-08-10,"WY",45.37,-106.25,"Danaus plexippus",2,"4",23
"SnowyRangeAlbanyCountyWY",1983-08-07,"WY",45.37,-106.25,"Danaus plexippus",1,"13",43.5
"TigardOR",1990-07-20,"OR",45.43,-122.77,"Danaus plexippus",1,"unk",4
"UtopiaOR",1980-07-12,"OR",44.5,-121,"Danaus plexippus",3,"6",30
"UtopiaOR",1981-07-12,"OR",44.5,-121,"Danaus plexippus",2,"5",14.3
"WesternWahkiakumCo",2009-07-16,"WA",46.3568,-123.5813,"Danaus plexippus",1,"3",13.5
